[{"model": "admin.logentry", "pk": 1, "fields": {"action_time": "2023-06-10T13:31:02.805Z", "user": 1, "content_type": 6, "object_id": "2", "object_repr": "john", "action_flag": 3, "change_message": ""}}, {"model": "admin.logentry", "pk": 2, "fields": {"action_time": "2023-06-10T14:10:36.160Z", "user": 1, "content_type": 6, "object_id": "3", "object_repr": "john", "action_flag": 3, "change_message": ""}}, {"model": "admin.logentry", "pk": 3, "fields": {"action_time": "2023-06-10T15:37:53.667Z", "user": 1, "content_type": 6, "object_id": "13", "object_repr": "wpp", "action_flag": 3, "change_message": ""}}, {"model": "admin.logentry", "pk": 4, "fields": {"action_time": "2023-06-10T15:37:58.331Z", "user": 1, "content_type": 6, "object_id": "12", "object_repr": "wp", "action_flag": 3, "change_message": ""}}, {"model": "admin.logentry", "pk": 5, "fields": {"action_time": "2023-06-10T15:38:03.061Z", "user": 1, "content_type": 6, "object_id": "11", "object_repr": "pap", "action_flag": 3, "change_message": ""}}, {"model": "admin.logentry", "pk": 6, "fields": {"action_time": "2023-06-10T15:38:07.521Z", "user": 1, "content_type": 6, "object_id": "10", "object_repr": "edwin", "action_flag": 3, "change_message": ""}}, {"model": "admin.logentry", "pk": 7, "fields": {"action_time": "2023-06-10T15:38:11.339Z", "user": 1, "content_type": 6, "object_id": "9", "object_repr": "lastpls", "action_flag": 3, "change_message": ""}}, {"model": "admin.logentry", "pk": 8, "fields": {"action_time": "2023-06-10T15:38:16.275Z", "user": 1, "content_type": 6, "object_id": "8", "object_repr": "longer", "action_flag": 3, "change_message": ""}}, {"model": "admin.logentry", "pk": 9, "fields": {"action_time": "2023-06-10T15:38:21.810Z", "user": 1, "content_type": 6, "object_id": "7", "object_repr": "long", "action_flag": 3, "change_message": ""}}, {"model": "admin.logentry", "pk": 10, "fields": {"action_time": "2023-06-10T15:38:25.903Z", "user": 1, "content_type": 6, "object_id": "6", "object_repr": "tan", "action_flag": 3, "change_message": ""}}, {"model": "admin.logentry", "pk": 11, "fields": {"action_time": "2023-06-10T15:38:30.477Z", "user": 1, "content_type": 6, "object_id": "5", "object_repr": "brian", "action_flag": 3, "change_message": ""}}, {"model": "admin.logentry", "pk": 12, "fields": {"action_time": "2023-06-10T15:38:34.804Z", "user": 1, "content_type": 6, "object_id": "4", "object_repr": "john", "action_flag": 3, "change_message": ""}}, {"model": "admin.logentry", "pk": 13, "fields": {"action_time": "2023-06-11T15:12:09.623Z", "user": 1, "content_type": 9, "object_id": "1", "object_repr": "Poultry", "action_flag": 1, "change_message": "[{\"added\": {}}]"}}, {"model": "admin.logentry", "pk": 14, "fields": {"action_time": "2023-06-11T15:12:15.039Z", "user": 1, "content_type": 9, "object_id": "2", "object_repr": "Seafood", "action_flag": 1, "change_message": "[{\"added\": {}}]"}}, {"model": "admin.logentry", "pk": 15, "fields": {"action_time": "2023-06-11T15:12:19.461Z", "user": 1, "content_type": 9, "object_id": "3", "object_repr": "Eggs", "action_flag": 1, "change_message": "[{\"added\": {}}]"}}, {"model": "admin.logentry", "pk": 16, "fields": {"action_time": "2023-06-11T15:12:23.539Z", "user": 1, "content_type": 9, "object_id": "4", "object_repr": "Dairy", "action_flag": 1, "change_message": "[{\"added\": {}}]"}}, {"model": "admin.logentry", "pk": 17, "fields": {"action_time": "2023-06-11T15:12:29.972Z", "user": 1, "content_type": 9, "object_id": "5", "object_repr": "Cooked leftovers", "action_flag": 1, "change_message": "[{\"added\": {}}]"}}, {"model": "admin.logentry", "pk": 18, "fields": {"action_time": "2023-06-11T15:12:34.193Z", "user": 1, "content_type": 9, "object_id": "6", "object_repr": "Drinks", "action_flag": 1, "change_message": "[{\"added\": {}}]"}}, {"model": "admin.logentry", "pk": 19, "fields": {"action_time": "2023-06-11T15:12:43.127Z", "user": 1, "content_type": 9, "object_id": "7", "object_repr": "Fruits and Vegetables", "action_flag": 1, "change_message": "[{\"added\": {}}]"}}, {"model": "admin.logentry", "pk": 20, "fields": {"action_time": "2023-06-11T15:12:47.949Z", "user": 1, "content_type": 9, "object_id": "8", "object_repr": "Canned Food", "action_flag": 1, "change_message": "[{\"added\": {}}]"}}, {"model": "admin.logentry", "pk": 21, "fields": {"action_time": "2023-06-11T18:21:07.326Z", "user": 1, "content_type": 10, "object_id": "8", "object_repr": "FoodListing object (8)", "action_flag": 3, "change_message": ""}}, {"model": "admin.logentry", "pk": 22, "fields": {"action_time": "2023-06-11T18:21:11.737Z", "user": 1, "content_type": 10, "object_id": "7", "object_repr": "FoodListing object (7)", "action_flag": 3, "change_message": ""}}, {"model": "admin.logentry", "pk": 23, "fields": {"action_time": "2023-06-11T18:21:15.848Z", "user": 1, "content_type": 10, "object_id": "6", "object_repr": "FoodListing object (6)", "action_flag": 3, "change_message": ""}}, {"model": "admin.logentry", "pk": 24, "fields": {"action_time": "2023-06-11T18:21:19.745Z", "user": 1, "content_type": 10, "object_id": "5", "object_repr": "FoodListing object (5)", "action_flag": 3, "change_message": ""}}, {"model": "admin.logentry", "pk": 25, "fields": {"action_time": "2023-06-11T18:21:23.733Z", "user": 1, "content_type": 10, "object_id": "4", "object_repr": "FoodListing object (4)", "action_flag": 3, "change_message": ""}}, {"model": "admin.logentry", "pk": 26, "fields": {"action_time": "2023-06-11T18:21:30.737Z", "user": 1, "content_type": 10, "object_id": "3", "object_repr": "FoodListing object (3)", "action_flag": 3, "change_message": ""}}, {"model": "admin.logentry", "pk": 27, "fields": {"action_time": "2023-06-11T18:21:34.331Z", "user": 1, "content_type": 10, "object_id": "2", "object_repr": "FoodListing object (2)", "action_flag": 3, "change_message": ""}}, {"model": "admin.logentry", "pk": 28, "fields": {"action_time": "2023-06-11T18:21:38.341Z", "user": 1, "content_type": 10, "object_id": "1", "object_repr": "FoodListing object (1)", "action_flag": 3, "change_message": ""}}, {"model": "admin.logentry", "pk": 29, "fields": {"action_time": "2023-06-11T20:09:16.662Z", "user": 1, "content_type": 10, "object_id": "10", "object_repr": "FoodListing object (10)", "action_flag": 3, "change_message": ""}}, {"model": "admin.logentry", "pk": 30, "fields": {"action_time": "2023-06-11T20:13:00.596Z", "user": 1, "content_type": 10, "object_id": "11", "object_repr": "FoodListing object (11)", "action_flag": 2, "change_message": "[{\"changed\": {\"fields\": [\"Image\"]}}]"}}, {"model": "admin.logentry", "pk": 31, "fields": {"action_time": "2023-06-11T20:13:08.569Z", "user": 1, "content_type": 10, "object_id": "12", "object_repr": "FoodListing object (12)", "action_flag": 2, "change_message": "[{\"changed\": {\"fields\": [\"Image\"]}}]"}}, {"model": "admin.logentry", "pk": 32, "fields": {"action_time": "2023-06-11T20:13:15.152Z", "user": 1, "content_type": 10, "object_id": "13", "object_repr": "FoodListing object (13)", "action_flag": 2, "change_message": "[{\"changed\": {\"fields\": [\"Title\", \"Image\"]}}]"}}, {"model": "admin.logentry", "pk": 33, "fields": {"action_time": "2023-06-11T20:13:23.297Z", "user": 1, "content_type": 10, "object_id": "14", "object_repr": "FoodListing object (14)", "action_flag": 2, "change_message": "[{\"changed\": {\"fields\": [\"Image\"]}}]"}}, {"model": "admin.logentry", "pk": 34, "fields": {"action_time": "2023-06-11T20:13:29.806Z", "user": 1, "content_type": 10, "object_id": "15", "object_repr": "FoodListing object (15)", "action_flag": 2, "change_message": "[{\"changed\": {\"fields\": [\"Image\"]}}]"}}, {"model": "admin.logentry", "pk": 35, "fields": {"action_time": "2023-06-12T10:01:30.257Z", "user": 1, "content_type": 10, "object_id": "18", "object_repr": "FoodListing object (18)", "action_flag": 2, "change_message": "[{\"changed\": {\"fields\": [\"Title\", \"Image\", \"Description\", \"Price\", \"Category\", \"Expiration date\"]}}]"}}, {"model": "admin.logentry", "pk": 36, "fields": {"action_time": "2023-06-12T10:02:28.818Z", "user": 1, "content_type": 10, "object_id": "19", "object_repr": "FoodListing object (19)", "action_flag": 2, "change_message": "[{\"changed\": {\"fields\": [\"Title\", \"Description\", \"Expiration date\"]}}]"}}, {"model": "admin.logentry", "pk": 37, "fields": {"action_time": "2023-06-12T10:03:28.966Z", "user": 1, "content_type": 10, "object_id": "20", "object_repr": "FoodListing object (20)", "action_flag": 2, "change_message": "[{\"changed\": {\"fields\": [\"Title\", \"Image\", \"Description\", \"Price\", \"Category\"]}}]"}}, {"model": "admin.logentry", "pk": 38, "fields": {"action_time": "2023-06-12T10:04:45.461Z", "user": 1, "content_type": 10, "object_id": "21", "object_repr": "FoodListing object (21)", "action_flag": 2, "change_message": "[{\"changed\": {\"fields\": [\"Title\", \"Image\", \"Description\", \"Price\", \"Category\", \"Expiration date\"]}}]"}}, {"model": "admin.logentry", "pk": 39, "fields": {"action_time": "2023-06-12T10:05:52.795Z", "user": 1, "content_type": 10, "object_id": "22", "object_repr": "FoodListing object (22)", "action_flag": 2, "change_message": "[{\"changed\": {\"fields\": [\"Title\", \"Image\", \"Description\", \"Price\", \"Expiration date\"]}}]"}}, {"model": "admin.logentry", "pk": 40, "fields": {"action_time": "2023-06-12T10:05:57.717Z", "user": 1, "content_type": 10, "object_id": "21", "object_repr": "FoodListing object (21)", "action_flag": 2, "change_message": "[]"}}, {"model": "admin.logentry", "pk": 41, "fields": {"action_time": "2023-06-12T10:06:04.573Z", "user": 1, "content_type": 10, "object_id": "22", "object_repr": "FoodListing object (22)", "action_flag": 2, "change_message": "[{\"changed\": {\"fields\": [\"Category\"]}}]"}}, {"model": "admin.logentry", "pk": 42, "fields": {"action_time": "2023-06-12T10:06:09.420Z", "user": 1, "content_type": 10, "object_id": "22", "object_repr": "FoodListing object (22)", "action_flag": 2, "change_message": "[]"}}, {"model": "admin.logentry", "pk": 43, "fields": {"action_time": "2023-06-12T10:08:08.129Z", "user": 1, "content_type": 10, "object_id": "23", "object_repr": "FoodListing object (23)", "action_flag": 2, "change_message": "[{\"changed\": {\"fields\": [\"Title\", \"Image\", \"Description\", \"Price\", \"Category\", \"Expiration date\"]}}]"}}, {"model": "admin.logentry", "pk": 44, "fields": {"action_time": "2023-06-12T10:08:11.731Z", "user": 1, "content_type": 10, "object_id": "23", "object_repr": "FoodListing object (23)", "action_flag": 2, "change_message": "[]"}}, {"model": "admin.logentry", "pk": 45, "fields": {"action_time": "2023-06-12T10:08:58.479Z", "user": 1, "content_type": 10, "object_id": "24", "object_repr": "FoodListing object (24)", "action_flag": 2, "change_message": "[{\"changed\": {\"fields\": [\"Title\", \"Image\", \"Description\", \"Price\", \"Category\"]}}]"}}, {"model": "admin.logentry", "pk": 46, "fields": {"action_time": "2023-06-13T02:29:16.332Z", "user": 1, "content_type": 6, "object_id": "2", "object_repr": "john", "action_flag": 3, "change_message": ""}}, {"model": "admin.logentry", "pk": 47, "fields": {"action_time": "2023-06-18T14:00:28.767Z", "user": 1, "content_type": 10, "object_id": "12", "object_repr": "FoodListing object (12)", "action_flag": 2, "change_message": "[{\"changed\": {\"fields\": [\"Image\"]}}]"}}, {"model": "admin.logentry", "pk": 48, "fields": {"action_time": "2023-06-18T14:01:27.208Z", "user": 1, "content_type": 10, "object_id": "13", "object_repr": "FoodListing object (13)", "action_flag": 2, "change_message": "[{\"changed\": {\"fields\": [\"Image\"]}}]"}}, {"model": "admin.logentry", "pk": 49, "fields": {"action_time": "2023-06-18T14:01:40.464Z", "user": 1, "content_type": 10, "object_id": "14", "object_repr": "FoodListing object (14)", "action_flag": 2, "change_message": "[{\"changed\": {\"fields\": [\"Image\"]}}]"}}, {"model": "admin.logentry", "pk": 50, "fields": {"action_time": "2023-06-18T14:01:57.396Z", "user": 1, "content_type": 10, "object_id": "14", "object_repr": "FoodListing object (14)", "action_flag": 2, "change_message": "[]"}}, {"model": "admin.logentry", "pk": 51, "fields": {"action_time": "2023-06-18T14:02:07.616Z", "user": 1, "content_type": 10, "object_id": "15", "object_repr": "FoodListing object (15)", "action_flag": 2, "change_message": "[{\"changed\": {\"fields\": [\"Image\"]}}]"}}, {"model": "admin.logentry", "pk": 52, "fields": {"action_time": "2023-06-18T14:02:19.146Z", "user": 1, "content_type": 10, "object_id": "21", "object_repr": "FoodListing object (21)", "action_flag": 2, "change_message": "[{\"changed\": {\"fields\": [\"Image\"]}}]"}}, {"model": "admin.logentry", "pk": 53, "fields": {"action_time": "2023-06-18T14:02:32.997Z", "user": 1, "content_type": 10, "object_id": "22", "object_repr": "FoodListing object (22)", "action_flag": 2, "change_message": "[{\"changed\": {\"fields\": [\"Image\"]}}]"}}, {"model": "admin.logentry", "pk": 54, "fields": {"action_time": "2023-06-18T14:02:50.110Z", "user": 1, "content_type": 10, "object_id": "23", "object_repr": "FoodListing object (23)", "action_flag": 2, "change_message": "[{\"changed\": {\"fields\": [\"Image\"]}}]"}}, {"model": "admin.logentry", "pk": 55, "fields": {"action_time": "2023-06-18T14:02:56.933Z", "user": 1, "content_type": 10, "object_id": "23", "object_repr": "FoodListing object (23)", "action_flag": 2, "change_message": "[]"}}, {"model": "admin.logentry", "pk": 56, "fields": {"action_time": "2023-06-18T14:03:05.833Z", "user": 1, "content_type": 10, "object_id": "25", "object_repr": "FoodListing object (25)", "action_flag": 2, "change_message": "[]"}}, {"model": "admin.logentry", "pk": 57, "fields": {"action_time": "2023-06-18T14:04:21.984Z", "user": 1, "content_type": 6, "object_id": "3", "object_repr": "mingyuan", "action_flag": 2, "change_message": "[{\"changed\": {\"fields\": [\"Username\", \"Email\", \"Phone number\"]}}]"}}, {"model": "admin.logentry", "pk": 58, "fields": {"action_time": "2023-06-18T14:08:30.353Z", "user": 1, "content_type": 10, "object_id": "25", "object_repr": "FoodListing object (25)", "action_flag": 2, "change_message": "[{\"changed\": {\"fields\": [\"Image\", \"Description\"]}}]"}}, {"model": "admin.logentry", "pk": 59, "fields": {"action_time": "2023-06-18T14:09:44.918Z", "user": 1, "content_type": 10, "object_id": "26", "object_repr": "FoodListing object (26)", "action_flag": 2, "change_message": "[{\"changed\": {\"fields\": [\"Title\", \"Description\", \"Price\"]}}]"}}, {"model": "admin.logentry", "pk": 60, "fields": {"action_time": "2023-06-18T14:10:22.611Z", "user": 1, "content_type": 10, "object_id": "27", "object_repr": "FoodListing object (27)", "action_flag": 2, "change_message": "[{\"changed\": {\"fields\": [\"Title\", \"Image\", \"Description\", \"Price\"]}}]"}}, {"model": "admin.logentry", "pk": 61, "fields": {"action_time": "2023-06-18T14:11:34.895Z", "user": 1, "content_type": 10, "object_id": "29", "object_repr": "FoodListing object (29)", "action_flag": 1, "change_message": "[{\"added\": {}}]"}}, {"model": "admin.logentry", "pk": 62, "fields": {"action_time": "2023-06-18T14:13:10.552Z", "user": 1, "content_type": 10, "object_id": "27", "object_repr": "FoodListing object (27)", "action_flag": 2, "change_message": "[]"}}, {"model": "admin.logentry", "pk": 63, "fields": {"action_time": "2023-06-18T14:13:15.441Z", "user": 1, "content_type": 10, "object_id": "30", "object_repr": "FoodListing object (30)", "action_flag": 1, "change_message": "[{\"added\": {}}]"}}, {"model": "admin.logentry", "pk": 64, "fields": {"action_time": "2023-06-18T14:14:17.816Z", "user": 1, "content_type": 10, "object_id": "31", "object_repr": "FoodListing object (31)", "action_flag": 1, "change_message": "[{\"added\": {}}]"}}, {"model": "admin.logentry", "pk": 65, "fields": {"action_time": "2023-06-18T14:26:18.815Z", "user": 1, "content_type": 10, "object_id": "26", "object_repr": "FoodListing object (26)", "action_flag": 2, "change_message": "[{\"changed\": {\"fields\": [\"Image\"]}}]"}}, {"model": "auth.permission", "pk": 1, "fields": {"name": "Can add log entry", "content_type": 1, "codename": "add_logentry"}}, {"model": "auth.permission", "pk": 2, "fields": {"name": "Can change log entry", "content_type": 1, "codename": "change_logentry"}}, {"model": "auth.permission", "pk": 3, "fields": {"name": "Can delete log entry", "content_type": 1, "codename": "delete_logentry"}}, {"model": "auth.permission", "pk": 4, "fields": {"name": "Can view log entry", "content_type": 1, "codename": "view_logentry"}}, {"model": "auth.permission", "pk": 5, "fields": {"name": "Can add permission", "content_type": 2, "codename": "add_permission"}}, {"model": "auth.permission", "pk": 6, "fields": {"name": "Can change permission", "content_type": 2, "codename": "change_permission"}}, {"model": "auth.permission", "pk": 7, "fields": {"name": "Can delete permission", "content_type": 2, "codename": "delete_permission"}}, {"model": "auth.permission", "pk": 8, "fields": {"name": "Can view permission", "content_type": 2, "codename": "view_permission"}}, {"model": "auth.permission", "pk": 9, "fields": {"name": "Can add group", "content_type": 3, "codename": "add_group"}}, {"model": "auth.permission", "pk": 10, "fields": {"name": "Can change group", "content_type": 3, "codename": "change_group"}}, {"model": "auth.permission", "pk": 11, "fields": {"name": "Can delete group", "content_type": 3, "codename": "delete_group"}}, {"model": "auth.permission", "pk": 12, "fields": {"name": "Can view group", "content_type": 3, "codename": "view_group"}}, {"model": "auth.permission", "pk": 13, "fields": {"name": "Can add content type", "content_type": 4, "codename": "add_contenttype"}}, {"model": "auth.permission", "pk": 14, "fields": {"name": "Can change content type", "content_type": 4, "codename": "change_contenttype"}}, {"model": "auth.permission", "pk": 15, "fields": {"name": "Can delete content type", "content_type": 4, "codename": "delete_contenttype"}}, {"model": "auth.permission", "pk": 16, "fields": {"name": "Can view content type", "content_type": 4, "codename": "view_contenttype"}}, {"model": "auth.permission", "pk": 17, "fields": {"name": "Can add session", "content_type": 5, "codename": "add_session"}}, {"model": "auth.permission", "pk": 18, "fields": {"name": "Can change session", "content_type": 5, "codename": "change_session"}}, {"model": "auth.permission", "pk": 19, "fields": {"name": "Can delete session", "content_type": 5, "codename": "delete_session"}}, {"model": "auth.permission", "pk": 20, "fields": {"name": "Can view session", "content_type": 5, "codename": "view_session"}}, {"model": "auth.permission", "pk": 21, "fields": {"name": "Can add user", "content_type": 6, "codename": "add_user"}}, {"model": "auth.permission", "pk": 22, "fields": {"name": "Can change user", "content_type": 6, "codename": "change_user"}}, {"model": "auth.permission", "pk": 23, "fields": {"name": "Can delete user", "content_type": 6, "codename": "delete_user"}}, {"model": "auth.permission", "pk": 24, "fields": {"name": "Can view user", "content_type": 6, "codename": "view_user"}}, {"model": "auth.permission", "pk": 25, "fields": {"name": "Can add blacklisted token", "content_type": 7, "codename": "add_blacklistedtoken"}}, {"model": "auth.permission", "pk": 26, "fields": {"name": "Can change blacklisted token", "content_type": 7, "codename": "change_blacklistedtoken"}}, {"model": "auth.permission", "pk": 27, "fields": {"name": "Can delete blacklisted token", "content_type": 7, "codename": "delete_blacklistedtoken"}}, {"model": "auth.permission", "pk": 28, "fields": {"name": "Can view blacklisted token", "content_type": 7, "codename": "view_blacklistedtoken"}}, {"model": "auth.permission", "pk": 29, "fields": {"name": "Can add outstanding token", "content_type": 8, "codename": "add_outstandingtoken"}}, {"model": "auth.permission", "pk": 30, "fields": {"name": "Can change outstanding token", "content_type": 8, "codename": "change_outstandingtoken"}}, {"model": "auth.permission", "pk": 31, "fields": {"name": "Can delete outstanding token", "content_type": 8, "codename": "delete_outstandingtoken"}}, {"model": "auth.permission", "pk": 32, "fields": {"name": "Can view outstanding token", "content_type": 8, "codename": "view_outstandingtoken"}}, {"model": "auth.permission", "pk": 33, "fields": {"name": "Can add category", "content_type": 9, "codename": "add_category"}}, {"model": "auth.permission", "pk": 34, "fields": {"name": "Can change category", "content_type": 9, "codename": "change_category"}}, {"model": "auth.permission", "pk": 35, "fields": {"name": "Can delete category", "content_type": 9, "codename": "delete_category"}}, {"model": "auth.permission", "pk": 36, "fields": {"name": "Can view category", "content_type": 9, "codename": "view_category"}}, {"model": "auth.permission", "pk": 37, "fields": {"name": "Can add food listing", "content_type": 10, "codename": "add_foodlisting"}}, {"model": "auth.permission", "pk": 38, "fields": {"name": "Can change food listing", "content_type": 10, "codename": "change_foodlisting"}}, {"model": "auth.permission", "pk": 39, "fields": {"name": "Can delete food listing", "content_type": 10, "codename": "delete_foodlisting"}}, {"model": "auth.permission", "pk": 40, "fields": {"name": "Can view food listing", "content_type": 10, "codename": "view_foodlisting"}}, {"model": "contenttypes.contenttype", "pk": 1, "fields": {"app_label": "admin", "model": "logentry"}}, {"model": "contenttypes.contenttype", "pk": 2, "fields": {"app_label": "auth", "model": "permission"}}, {"model": "contenttypes.contenttype", "pk": 3, "fields": {"app_label": "auth", "model": "group"}}, {"model": "contenttypes.contenttype", "pk": 4, "fields": {"app_label": "contenttypes", "model": "contenttype"}}, {"model": "contenttypes.contenttype", "pk": 5, "fields": {"app_label": "sessions", "model": "session"}}, {"model": "contenttypes.contenttype", "pk": 6, "fields": {"app_label": "user", "model": "user"}}, {"model": "contenttypes.contenttype", "pk": 7, "fields": {"app_label": "token_blacklist", "model": "blacklistedtoken"}}, {"model": "contenttypes.contenttype", "pk": 8, "fields": {"app_label": "token_blacklist", "model": "outstandingtoken"}}, {"model": "contenttypes.contenttype", "pk": 9, "fields": {"app_label": "api", "model": "category"}}, {"model": "contenttypes.contenttype", "pk": 10, "fields": {"app_label": "api", "model": "foodlisting"}}, {"model": "sessions.session", "pk": "xtoz40v8jif5kozr8pbn1nt7wn7rwd0g", "fields": {"session_data": ".eJxVjDsOwjAQBe_iGll2sLxeSnrOYO3HwgFkS_lUiLuTSCmgfTPz3ibTutS8zmXKo5qL8eb0uzHJs7Qd6IPavVvpbZlGtrtiDzrbW9fyuh7u30GluW51DIrqFTkKsANiLAFZksOIQiEMIpTORRLAporHQV30AYEgRZ_AfL7vzjeU:1q7yfh:r1SFG9R85BQfUMOtPRl8w2h7yohaQ4Xkiz1qjSzRswQ", "expire_date": "2023-06-24T13:30:25.969Z"}}, {"model": "user.user", "pk": 1, "fields": {"password": "pbkdf2_sha256$260000$Ffbpt2E57PgMmD8HNoCg5n$q4cWNKpHRmBFh4bO/wbkFxpA90X+8oIqNhSeA+Dj/A0=", "last_login": "2023-06-10T13:30:25.784Z", "is_superuser": true, "username": "melvin", "first_name": "", "last_name": "", "is_staff": true, "is_active": true, "date_joined": "2023-06-10T01:01:06.163Z", "email": "lzy.melvin@gmail.com", "phone_number": 91128415, "groups": [], "user_permissions": []}}, {"model": "user.user", "pk": 3, "fields": {"password": "pbkdf2_sha256$260000$PGr7U7ps2WvmVfy9gqUXOK$eisXPLQ2xxUAG0L8Z6DQfCj3wtKGSNaJH7Fo0HzlQZc=", "last_login": null, "is_superuser": false, "username": "mingyuan", "first_name": "", "last_name": "", "is_staff": false, "is_active": true, "date_joined": "2023-06-13T01:48:39Z", "email": "mingyuan@gmail.com", "phone_number": 97837588, "groups": [], "user_permissions": []}}, {"model": "api.category", "pk": 1, "fields": {"category_name": "Poultry"}}, {"model": "api.category", "pk": 2, "fields": {"category_name": "Seafood"}}, {"model": "api.category", "pk": 3, "fields": {"category_name": "Eggs"}}, {"model": "api.category", "pk": 4, "fields": {"category_name": "Dairy"}}, {"model": "api.category", "pk": 5, "fields": {"category_name": "Cooked leftovers"}}, {"model": "api.category", "pk": 6, "fields": {"category_name": "Drinks"}}, {"model": "api.category", "pk": 7, "fields": {"category_name": "Fruits and Vegetables"}}, {"model": "api.category", "pk": 8, "fields": {"category_name": "Canned Food"}}, {"model": "api.foodlisting", "pk": 12, "fields": {"user": 1, "title": "Meiji milk", "image": "food_images/meiji-milk.jpg", "description": "Faster before it spoils!", "price": "5.80", "category": 4, "expiration_date": "2023-06-12", "pickup_location": "Sengkang East Avenue, Anchorvale, Seng Kang, Northeast, 540308, Singapore", "latitude": 1.3889914, "longitude": 103.8863249}}, {"model": "api.foodlisting", "pk": 13, "fields": {"user": 1, "title": "Broccoli", "image": "food_images/broccoli.jpg", "description": "Product bought from NTUC this morning.", "price": "6.20", "category": 7, "expiration_date": "2023-06-12", "pickup_location": "Pasir Ris, 10, Pasir Ris Central, Pasir Ris, Singapore, Northeast, 519634, Singapore", "latitude": 1.3730307, "longitude": 103.949255}}, {"model": "api.foodlisting", "pk": 14, "fields": {"user": 1, "title": "Apples", "image": "food_images/apple.jpg", "description": "Tastes better than it looks", "price": "10.00", "category": 7, "expiration_date": "2023-06-12", "pickup_location": "Sengkang (NEL), Sengkang Square, Compassvale, Seng Kang, Singapore, Northeast, 545078, Singapore", "latitude": 1.3917037, "longitude": 103.8954334}}, {"model": "api.foodlisting", "pk": 15, "fields": {"user": 1, "title": "Cook house food", "image": "food_images/cookhouse-food.jpg", "description": "What more can I say...", "price": "0.00", "category": 5, "expiration_date": "2023-06-13", "pickup_location": "Pulau Tekong Medical Center, Ladang Street 2, North-Eastern Islands, Southeast, 819825, Singapore", "latitude": 1.40472655, "longitude": 104.03256591513941}}, {"model": "api.foodlisting", "pk": 21, "fields": {"user": 1, "title": "Homegrown tomatoes", "image": "food_images/cherry-tomato.jpg", "description": "Grew them since 2 months ago, looks ripe now!", "price": "2.50", "category": 7, "expiration_date": "2023-06-11", "pickup_location": "Bugis, Queen Street, Selegie, Rochor, Singapore, Central, 188546, Singapore", "latitude": 1.299966, "longitude": 103.85528918697341}}, {"model": "api.foodlisting", "pk": 22, "fields": {"user": 1, "title": "Tau Gei from market", "image": "food_images/beansprouts.jpg", "description": "Bought from the wet market this morning. Willing to sell it at a cheap price.", "price": "1.00", "category": 7, "expiration_date": "2023-06-12", "pickup_location": "T, Jurassic Mile - Changi Airport Connector, Changi, Southeast, 499803, Singapore", "latitude": 1.3470811, "longitude": 103.9907363}}, {"model": "api.foodlisting", "pk": 23, "fields": {"user": 1, "title": "Combat Ration", "image": "food_images/army-mre.jpg", "description": "Flavour includes from S tier pasta to F tier chicken rice. Cannot pick and choose. Low in stock. Not available at emart.", "price": "5.00", "category": 5, "expiration_date": "2023-06-30", "pickup_location": "Jurong East, 10, Jurong East Street 12, Jurong East, Singapore, Southwest, 609690, Singapore", "latitude": 1.333108, "longitude": 103.7422939}}, {"model": "api.foodlisting", "pk": 25, "fields": {"user": 3, "title": "banana", "image": "food_images/banana.jpeg", "description": "Wah! Banana!", "price": "2.00", "category": 7, "expiration_date": "2023-06-18", "pickup_location": "Tampines, Tampines Central 1, Tampines, Singapore, Northeast, 520501, Singapore", "latitude": 1.3542907, "longitude": 103.9446144428833}}, {"model": "api.foodlisting", "pk": 26, "fields": {"user": 3, "title": "Pepsi", "image": "food_images/pepsi.jpeg", "description": "I think coke tastes better...oh this is leftover from a party.", "price": "1.00", "category": 6, "expiration_date": "2023-06-19", "pickup_location": "Junction 8, 9, Bishan Place, Bishan, Singapore, Central, 579837, Singapore", "latitude": 1.3505893, "longitude": 103.84874474726443}}, {"model": "api.foodlisting", "pk": 27, "fields": {"user": 3, "title": "Pokka Coffee", "image": "food_images/pokka_coffee.jpeg", "description": "The sleepless nights for code exp...", "price": "0.50", "category": 3, "expiration_date": "2023-06-18", "pickup_location": "Tampines (EW2), Tampines Central 5, Tampines, Northeast, 529538, Singapore", "latitude": 1.3535911, "longitude": 103.9447957}}, {"model": "api.foodlisting", "pk": 29, "fields": {"user": 3, "title": "Oat milk", "image": "food_images/oat_milk.jpeg", "description": "Oatside has the best tasting oat milk.", "price": "2.00", "category": 4, "expiration_date": "2023-06-22", "pickup_location": "Tampines (EW2), Tampines Central 5, Tampines, Northeast, 529538, Singapore", "latitude": 1.3535911, "longitude": 103.9447957}}, {"model": "api.foodlisting", "pk": 30, "fields": {"user": 3, "title": "Hokkien mee", "image": "food_images/hokkien_mee.jpeg", "description": "Catered food from XYZ catering...sell immediately.", "price": "3.00", "category": 5, "expiration_date": "2023-06-18", "pickup_location": "Tampines (EW2), Tampines Central 5, Tampines, Northeast, 529538, Singapore", "latitude": 1.3535911, "longitude": 103.9447957}}, {"model": "api.foodlisting", "pk": 31, "fields": {"user": 3, "title": "Milo Powder", "image": "food_images/milo.jpeg", "description": "Who needs hot chocolate when you have Milo?", "price": "2.40", "category": 6, "expiration_date": "2023-07-05", "pickup_location": "Tampines (EW2), Tampines Central 5, Tampines, Northeast, 529538, Singapore", "latitude": 1.3535911, "longitude": 103.9447957}}, {"model": "api.foodlisting", "pk": 32, "fields": {"user": 3, "title": "Peanut crackers", "image": "food_images/e01b9a7a20714066a0c6d37642b53719.jpg", "description": "Tai Sun snacks", "price": "1.50", "category": 5, "expiration_date": "2023-06-18", "pickup_location": "Newton (NSL/DTL) Exit B, Scotts Road, Cairnhill, Newton, Singapore, Central, 228234, Singapore", "latitude": 1.3120831, "longitude": 103.8381964}}, {"model": "token_blacklist.outstandingtoken", "pk": 1, "fields": {"user": 1, "jti": "789a67b2b50a40eb80557e4ed2cad231", "token": "eyJhbGciOiJIUzI1NiIsInR5cCI6IkpXVCJ9.eyJ0b2tlbl90eXBlIjoicmVmcmVzaCIsImV4cCI6MTY5NDEzNTAwOSwiaWF0IjoxNjg2MzU5MDA5LCJqdGkiOiI3ODlhNjdiMmI1MGE0MGViODA1NTdlNGVkMmNhZDIzMSIsInVzZXJfaWQiOjF9.eEtadLv7-WTFmJupfXP-BFClYzQsUl0KsnbiQmtMp1Y", "created_at": "2023-06-10T01:03:29.655Z", "expires_at": "2023-09-08T01:03:29Z"}}, {"model": "token_blacklist.outstandingtoken", "pk": 2, "fields": {"user": 1, "jti": "a8adb204556a4adcab9df6daeebf1018", "token": "eyJhbGciOiJIUzI1NiIsInR5cCI6IkpXVCJ9.eyJ0b2tlbl90eXBlIjoicmVmcmVzaCIsImV4cCI6MTY5NDEzNjg3OSwiaWF0IjoxNjg2MzYwODc5LCJqdGkiOiJhOGFkYjIwNDU1NmE0YWRjYWI5ZGY2ZGFlZWJmMTAxOCIsInVzZXJfaWQiOjF9.fg2vF_bXrAw3yJrp0apTzAM0fSszCvIyzeIbbVfcEhY", "created_at": "2023-06-10T01:34:39.979Z", "expires_at": "2023-09-08T01:34:39Z"}}, {"model": "token_blacklist.outstandingtoken", "pk": 3, "fields": {"user": 1, "jti": "5d6bbba24aaf42e3bf2d6df721930d71", "token": "eyJhbGciOiJIUzI1NiIsInR5cCI6IkpXVCJ9.eyJ0b2tlbl90eXBlIjoicmVmcmVzaCIsImV4cCI6MTY5NDEzODIwNCwiaWF0IjoxNjg2MzYyMjA0LCJqdGkiOiI1ZDZiYmJhMjRhYWY0MmUzYmYyZDZkZjcyMTkzMGQ3MSIsInVzZXJfaWQiOjF9.V8fJhQtyem6bEliPTgx1nY71xOKeE4i5o89CJuADoog", "created_at": "2023-06-10T01:56:44.886Z", "expires_at": "2023-09-08T01:56:44Z"}}, {"model": "token_blacklist.outstandingtoken", "pk": 4, "fields": {"user": 1, "jti": "ec5f41da669b420ba4f83447dc088c5a", "token": "eyJhbGciOiJIUzI1NiIsInR5cCI6IkpXVCJ9.eyJ0b2tlbl90eXBlIjoicmVmcmVzaCIsImV4cCI6MTY5NDE2Njg0NCwiaWF0IjoxNjg2MzkwODQ0LCJqdGkiOiJlYzVmNDFkYTY2OWI0MjBiYTRmODM0NDdkYzA4OGM1YSIsInVzZXJfaWQiOjF9.mXltdtzMYYAo1-Wz4jzEjXMWOuR0mt3c1Ei2bh4tja4", "created_at": "2023-06-10T09:54:04.627Z", "expires_at": "2023-09-08T09:54:04Z"}}, {"model": "token_blacklist.outstandingtoken", "pk": 5, "fields": {"user": 1, "jti": "e968e695063c464585267367da5cc80d", "token": "eyJhbGciOiJIUzI1NiIsInR5cCI6IkpXVCJ9.eyJ0b2tlbl90eXBlIjoicmVmcmVzaCIsImV4cCI6MTY5NDE2Njk0MCwiaWF0IjoxNjg2MzkwOTQwLCJqdGkiOiJlOTY4ZTY5NTA2M2M0NjQ1ODUyNjczNjdkYTVjYzgwZCIsInVzZXJfaWQiOjF9.Z0h-31rxqTnzIUYxdsq9OTAOtnvVWO6dImyxgm3C_Sc", "created_at": "2023-06-10T09:55:40.899Z", "expires_at": "2023-09-08T09:55:40Z"}}, {"model": "token_blacklist.outstandingtoken", "pk": 6, "fields": {"user": 1, "jti": "6c8f07130cca49d8a8e19ea0057f1ebc", "token": "eyJhbGciOiJIUzI1NiIsInR5cCI6IkpXVCJ9.eyJ0b2tlbl90eXBlIjoicmVmcmVzaCIsImV4cCI6MTY5NDE2ODA3NywiaWF0IjoxNjg2MzkyMDc3LCJqdGkiOiI2YzhmMDcxMzBjY2E0OWQ4YThlMTllYTAwNTdmMWViYyIsInVzZXJfaWQiOjF9.CKH8C5Bh-Fz1sWQ2IUACBP9pQ2nJhL6JLI7mHRlxl34", "created_at": "2023-06-10T10:14:37.302Z", "expires_at": "2023-09-08T10:14:37Z"}}, {"model": "token_blacklist.outstandingtoken", "pk": 7, "fields": {"user": 1, "jti": "a5058f52ca5f459bb5c0a7817bc594a5", "token": "eyJhbGciOiJIUzI1NiIsInR5cCI6IkpXVCJ9.eyJ0b2tlbl90eXBlIjoicmVmcmVzaCIsImV4cCI6MTY5NDE2ODA4MCwiaWF0IjoxNjg2MzkyMDgwLCJqdGkiOiJhNTA1OGY1MmNhNWY0NTliYjVjMGE3ODE3YmM1OTRhNSIsInVzZXJfaWQiOjF9.1Yd6T2EWb3FrFb1YAJP3sMfKrHWNSg_GjaUhw6coIe4", "created_at": "2023-06-10T10:14:40.972Z", "expires_at": "2023-09-08T10:14:40Z"}}, {"model": "token_blacklist.outstandingtoken", "pk": 8, "fields": {"user": 1, "jti": "bc9f0769e29c44389632a859af315a49", "token": "eyJhbGciOiJIUzI1NiIsInR5cCI6IkpXVCJ9.eyJ0b2tlbl90eXBlIjoicmVmcmVzaCIsImV4cCI6MTY5NDE2ODA4NSwiaWF0IjoxNjg2MzkyMDg1LCJqdGkiOiJiYzlmMDc2OWUyOWM0NDM4OTYzMmE4NTlhZjMxNWE0OSIsInVzZXJfaWQiOjF9.QUyZY3tup948S7dU-CoPfliNEO1sjgjoIiIbk4iMF4c", "created_at": "2023-06-10T10:14:45.864Z", "expires_at": "2023-09-08T10:14:45Z"}}, {"model": "token_blacklist.outstandingtoken", "pk": 9, "fields": {"user": 1, "jti": "90b301ece0de4eb8acb71bd3bad235ce", "token": "eyJhbGciOiJIUzI1NiIsInR5cCI6IkpXVCJ9.eyJ0b2tlbl90eXBlIjoicmVmcmVzaCIsImV4cCI6MTY5NDE2ODE1MCwiaWF0IjoxNjg2MzkyMTUwLCJqdGkiOiI5MGIzMDFlY2UwZGU0ZWI4YWNiNzFiZDNiYWQyMzVjZSIsInVzZXJfaWQiOjF9.LyJHJjGfHEgQ-PlXcQRAp39mNjrzYuT74G05zIvWYsE", "created_at": "2023-06-10T10:15:50.051Z", "expires_at": "2023-09-08T10:15:50Z"}}, {"model": "token_blacklist.outstandingtoken", "pk": 10, "fields": {"user": null, "jti": "a821718886694623bd8c580387a8610e", "token": "eyJhbGciOiJIUzI1NiIsInR5cCI6IkpXVCJ9.eyJ0b2tlbl90eXBlIjoicmVmcmVzaCIsImV4cCI6MTY5NDE3MDA2NiwiaWF0IjoxNjg2Mzk0MDY2LCJqdGkiOiJhODIxNzE4ODg2Njk0NjIzYmQ4YzU4MDM4N2E4NjEwZSIsInVzZXJfaWQiOjJ9.p5VfzjTxsJXVhVHIzCHAsOj8TfrE5Mz0k7w2NzSy0j4", "created_at": "2023-06-10T10:47:46.853Z", "expires_at": "2023-09-08T10:47:46Z"}}, {"model": "token_blacklist.outstandingtoken", "pk": 11, "fields": {"user": null, "jti": "f8da76abc6fa4aaebd8bfa7254ccbb74", "token": "eyJhbGciOiJIUzI1NiIsInR5cCI6IkpXVCJ9.eyJ0b2tlbl90eXBlIjoicmVmcmVzaCIsImV4cCI6MTY5NDE3MDIyOSwiaWF0IjoxNjg2Mzk0MjI5LCJqdGkiOiJmOGRhNzZhYmM2ZmE0YWFlYmQ4YmZhNzI1NGNjYmI3NCIsInVzZXJfaWQiOjJ9.NkicG09a-kM6u690MnXxWnS3RYF-qMgkGuMuy0blYcc", "created_at": "2023-06-10T10:50:29.205Z", "expires_at": "2023-09-08T10:50:29Z"}}, {"model": "token_blacklist.outstandingtoken", "pk": 12, "fields": {"user": 1, "jti": "0e61554014014e1ca3f079d1340664ea", "token": "eyJhbGciOiJIUzI1NiIsInR5cCI6IkpXVCJ9.eyJ0b2tlbl90eXBlIjoicmVmcmVzaCIsImV4cCI6MTY5NDE3NzMyMiwiaWF0IjoxNjg2NDAxMzIyLCJqdGkiOiIwZTYxNTU0MDE0MDE0ZTFjYTNmMDc5ZDEzNDA2NjRlYSIsInVzZXJfaWQiOjF9.KarWtUz_nomAWkli3joUQhBZT9dU0L3Ui0KnNDvGBf0", "created_at": "2023-06-10T12:48:42.392Z", "expires_at": "2023-09-08T12:48:42Z"}}, {"model": "token_blacklist.outstandingtoken", "pk": 13, "fields": {"user": 1, "jti": "d31c24423300450a885f5161b9b48251", "token": "eyJhbGciOiJIUzI1NiIsInR5cCI6IkpXVCJ9.eyJ0b2tlbl90eXBlIjoicmVmcmVzaCIsImV4cCI6MTY5NDE4MDQ1MiwiaWF0IjoxNjg2NDA0NDUyLCJqdGkiOiJkMzFjMjQ0MjMzMDA0NTBhODg1ZjUxNjFiOWI0ODI1MSIsInVzZXJfaWQiOjF9.HZVzg3ZALGAqaEDkJqnRJ-ZWxTCFvnnGroMlTHUmBwE", "created_at": "2023-06-10T13:40:52.454Z", "expires_at": "2023-09-08T13:40:52Z"}}, {"model": "token_blacklist.outstandingtoken", "pk": 14, "fields": {"user": 1, "jti": "4cd79304321f4c61a3b2640f788eb26a", "token": "eyJhbGciOiJIUzI1NiIsInR5cCI6IkpXVCJ9.eyJ0b2tlbl90eXBlIjoicmVmcmVzaCIsImV4cCI6MTY5NDE4MDQ4MiwiaWF0IjoxNjg2NDA0NDgyLCJqdGkiOiI0Y2Q3OTMwNDMyMWY0YzYxYTNiMjY0MGY3ODhlYjI2YSIsInVzZXJfaWQiOjF9.HDeYQQRLW0UcyN28V4PgAuELA_hqbimS_veOSZU6EHA", "created_at": "2023-06-10T13:41:22.951Z", "expires_at": "2023-09-08T13:41:22Z"}}, {"model": "token_blacklist.outstandingtoken", "pk": 15, "fields": {"user": 1, "jti": "6d4f74140fcb4fc6b53277aee276ff6e", "token": "eyJhbGciOiJIUzI1NiIsInR5cCI6IkpXVCJ9.eyJ0b2tlbl90eXBlIjoicmVmcmVzaCIsImV4cCI6MTY5NDE4MDU1MywiaWF0IjoxNjg2NDA0NTUzLCJqdGkiOiI2ZDRmNzQxNDBmY2I0ZmM2YjUzMjc3YWVlMjc2ZmY2ZSIsInVzZXJfaWQiOjF9.IKqbsQPxPMPgRkkIQYEpWZMNq8JM_HUxCMyLDiPmK64", "created_at": "2023-06-10T13:42:33.533Z", "expires_at": "2023-09-08T13:42:33Z"}}, {"model": "token_blacklist.outstandingtoken", "pk": 16, "fields": {"user": 1, "jti": "5fc05c6068a94a889ff19cf26220fa54", "token": "eyJhbGciOiJIUzI1NiIsInR5cCI6IkpXVCJ9.eyJ0b2tlbl90eXBlIjoicmVmcmVzaCIsImV4cCI6MTY5NDE4MDU3NCwiaWF0IjoxNjg2NDA0NTc0LCJqdGkiOiI1ZmMwNWM2MDY4YTk0YTg4OWZmMTljZjI2MjIwZmE1NCIsInVzZXJfaWQiOjF9.gFmZcD4bxCTX7YG679FJvrcN4fd9Bo87Yd9M8YTrGtE", "created_at": "2023-06-10T13:42:54.149Z", "expires_at": "2023-09-08T13:42:54Z"}}, {"model": "token_blacklist.outstandingtoken", "pk": 17, "fields": {"user": 1, "jti": "ce3d3db6932c4aa8ad80f4500f06b410", "token": "eyJhbGciOiJIUzI1NiIsInR5cCI6IkpXVCJ9.eyJ0b2tlbl90eXBlIjoicmVmcmVzaCIsImV4cCI6MTY5NDE4MDU3NSwiaWF0IjoxNjg2NDA0NTc1LCJqdGkiOiJjZTNkM2RiNjkzMmM0YWE4YWQ4MGY0NTAwZjA2YjQxMCIsInVzZXJfaWQiOjF9.jdA4UHjnvMr1wort86TLM6WQHljDBSEpajLJS6-V4io", "created_at": "2023-06-10T13:42:55.112Z", "expires_at": "2023-09-08T13:42:55Z"}}, {"model": "token_blacklist.outstandingtoken", "pk": 18, "fields": {"user": 1, "jti": "b76d1243aa8c488e87db4965d94d2f8b", "token": "eyJhbGciOiJIUzI1NiIsInR5cCI6IkpXVCJ9.eyJ0b2tlbl90eXBlIjoicmVmcmVzaCIsImV4cCI6MTY5NDE4MDY0NywiaWF0IjoxNjg2NDA0NjQ3LCJqdGkiOiJiNzZkMTI0M2FhOGM0ODhlODdkYjQ5NjVkOTRkMmY4YiIsInVzZXJfaWQiOjF9.klph5PyXEYkJoKeAEJoCGhLs-RYBT2AbDf9l1Rour1k", "created_at": "2023-06-10T13:44:07.783Z", "expires_at": "2023-09-08T13:44:07Z"}}, {"model": "token_blacklist.outstandingtoken", "pk": 19, "fields": {"user": 1, "jti": "c727e9e0f215432a8543968794f19efd", "token": "eyJhbGciOiJIUzI1NiIsInR5cCI6IkpXVCJ9.eyJ0b2tlbl90eXBlIjoicmVmcmVzaCIsImV4cCI6MTY5NDE4MTIxNiwiaWF0IjoxNjg2NDA1MjE2LCJqdGkiOiJjNzI3ZTllMGYyMTU0MzJhODU0Mzk2ODc5NGYxOWVmZCIsInVzZXJfaWQiOjF9.b-q6LcwgiY8Z52RC6p3joOY3YMOjBgjIhALMWR26FW8", "created_at": "2023-06-10T13:53:36.686Z", "expires_at": "2023-09-08T13:53:36Z"}}, {"model": "token_blacklist.outstandingtoken", "pk": 20, "fields": {"user": null, "jti": "6690a5863b4f4665a8b2f868bde59b08", "token": "eyJhbGciOiJIUzI1NiIsInR5cCI6IkpXVCJ9.eyJ0b2tlbl90eXBlIjoicmVmcmVzaCIsImV4cCI6MTY5NDE4MjA2NywiaWF0IjoxNjg2NDA2MDY3LCJqdGkiOiI2NjkwYTU4NjNiNGY0NjY1YThiMmY4NjhiZGU1OWIwOCIsInVzZXJfaWQiOjN9.Cvd5aGFPOonNY_lkpy7mBuIxqD8RMBasmO8kGr5Sd6Q", "created_at": "2023-06-10T14:07:47.874Z", "expires_at": "2023-09-08T14:07:47Z"}}, {"model": "token_blacklist.outstandingtoken", "pk": 21, "fields": {"user": 1, "jti": "eea1d2652d164de882cc3704534bd49f", "token": "eyJhbGciOiJIUzI1NiIsInR5cCI6IkpXVCJ9.eyJ0b2tlbl90eXBlIjoicmVmcmVzaCIsImV4cCI6MTY5NDE4MjEzNiwiaWF0IjoxNjg2NDA2MTM2LCJqdGkiOiJlZWExZDI2NTJkMTY0ZGU4ODJjYzM3MDQ1MzRiZDQ5ZiIsInVzZXJfaWQiOjF9.VytPkPfHr_uiiPxeI90OycB5VtuTyqxh_sAwNh_kHO0", "created_at": "2023-06-10T14:08:56.402Z", "expires_at": "2023-09-08T14:08:56Z"}}, {"model": "token_blacklist.outstandingtoken", "pk": 22, "fields": {"user": null, "jti": "be37c6e50d2e459cacd3068c4a705ae9", "token": "eyJhbGciOiJIUzI1NiIsInR5cCI6IkpXVCJ9.eyJ0b2tlbl90eXBlIjoicmVmcmVzaCIsImV4cCI6MTY5NDE4MjI1NCwiaWF0IjoxNjg2NDA2MjU0LCJqdGkiOiJiZTM3YzZlNTBkMmU0NTljYWNkMzA2OGM0YTcwNWFlOSIsInVzZXJfaWQiOjR9.ZoeWDeYZ1miVE4MSqeLeKrjozfDWwLVPI-WhKAcuvYI", "created_at": "2023-06-10T14:10:54.432Z", "expires_at": "2023-09-08T14:10:54Z"}}, {"model": "token_blacklist.outstandingtoken", "pk": 23, "fields": {"user": null, "jti": "5ce107d6a6a64fcaaacfdffa0cd13b8d", "token": "eyJhbGciOiJIUzI1NiIsInR5cCI6IkpXVCJ9.eyJ0b2tlbl90eXBlIjoicmVmcmVzaCIsImV4cCI6MTY5NDE4MjMzMiwiaWF0IjoxNjg2NDA2MzMyLCJqdGkiOiI1Y2UxMDdkNmE2YTY0ZmNhYWFjZmRmZmEwY2QxM2I4ZCIsInVzZXJfaWQiOjV9.Eax59DEc-yR3ryhmIm57zrCzlYsaF0CWMXET3VW9UvY", "created_at": "2023-06-10T14:12:12.572Z", "expires_at": "2023-09-08T14:12:12Z"}}, {"model": "token_blacklist.outstandingtoken", "pk": 24, "fields": {"user": null, "jti": "e5abb4a9408a48fd842a3ae269945d09", "token": "eyJhbGciOiJIUzI1NiIsInR5cCI6IkpXVCJ9.eyJ0b2tlbl90eXBlIjoicmVmcmVzaCIsImV4cCI6MTY5NDE4MjM2MCwiaWF0IjoxNjg2NDA2MzYwLCJqdGkiOiJlNWFiYjRhOTQwOGE0OGZkODQyYTNhZTI2OTk0NWQwOSIsInVzZXJfaWQiOjV9.fcFMqZmjzha7BqwjJh3p2iNIEykdR-6QfAxkqniL8iI", "created_at": "2023-06-10T14:12:40.442Z", "expires_at": "2023-09-08T14:12:40Z"}}, {"model": "token_blacklist.outstandingtoken", "pk": 25, "fields": {"user": null, "jti": "3efbdb4161034719af23ea63529daf5f", "token": "eyJhbGciOiJIUzI1NiIsInR5cCI6IkpXVCJ9.eyJ0b2tlbl90eXBlIjoicmVmcmVzaCIsImV4cCI6MTY5NDE4MjQ5MSwiaWF0IjoxNjg2NDA2NDkxLCJqdGkiOiIzZWZiZGI0MTYxMDM0NzE5YWYyM2VhNjM1MjlkYWY1ZiIsInVzZXJfaWQiOjZ9.izUYiC1AAJPsxJaDLOHSznt39ON9mUCG8wlOuOBI6ik", "created_at": "2023-06-10T14:14:51.745Z", "expires_at": "2023-09-08T14:14:51Z"}}, {"model": "token_blacklist.outstandingtoken", "pk": 26, "fields": {"user": null, "jti": "d7beef7f9dca40e789d42741b266eb0f", "token": "eyJhbGciOiJIUzI1NiIsInR5cCI6IkpXVCJ9.eyJ0b2tlbl90eXBlIjoicmVmcmVzaCIsImV4cCI6MTY5NDE4MjY3MywiaWF0IjoxNjg2NDA2NjczLCJqdGkiOiJkN2JlZWY3ZjlkY2E0MGU3ODlkNDI3NDFiMjY2ZWIwZiIsInVzZXJfaWQiOjd9.q-YmWX7ZcGemSSotcr-lyEaubuQAgCw6biZemgTuKV0", "created_at": "2023-06-10T14:17:53.404Z", "expires_at": "2023-09-08T14:17:53Z"}}, {"model": "token_blacklist.outstandingtoken", "pk": 27, "fields": {"user": 1, "jti": "608e5da549e74a57892462da9423ffda", "token": "eyJhbGciOiJIUzI1NiIsInR5cCI6IkpXVCJ9.eyJ0b2tlbl90eXBlIjoicmVmcmVzaCIsImV4cCI6MTY5NDE4Mjg5NSwiaWF0IjoxNjg2NDA2ODk1LCJqdGkiOiI2MDhlNWRhNTQ5ZTc0YTU3ODkyNDYyZGE5NDIzZmZkYSIsInVzZXJfaWQiOjF9.nRWVPHacJHXjtn6gfJ2vZYM_J-h5Kd9EiooKm4j7uWY", "created_at": "2023-06-10T14:21:35.249Z", "expires_at": "2023-09-08T14:21:35Z"}}, {"model": "token_blacklist.outstandingtoken", "pk": 28, "fields": {"user": 1, "jti": "d00a42d5ebf846c79dbfe7cc63299c8f", "token": "eyJhbGciOiJIUzI1NiIsInR5cCI6IkpXVCJ9.eyJ0b2tlbl90eXBlIjoicmVmcmVzaCIsImV4cCI6MTY5NDE4MjkwMSwiaWF0IjoxNjg2NDA2OTAxLCJqdGkiOiJkMDBhNDJkNWViZjg0NmM3OWRiZmU3Y2M2MzI5OWM4ZiIsInVzZXJfaWQiOjF9.G-IzTqheg5OaxL6RK-Tij5hRTNY8o1CkMFz8jXCaVak", "created_at": "2023-06-10T14:21:41.810Z", "expires_at": "2023-09-08T14:21:41Z"}}, {"model": "token_blacklist.outstandingtoken", "pk": 29, "fields": {"user": 1, "jti": "6bbaaaec0b474f3e943a19e2f03a634f", "token": "eyJhbGciOiJIUzI1NiIsInR5cCI6IkpXVCJ9.eyJ0b2tlbl90eXBlIjoicmVmcmVzaCIsImV4cCI6MTY5NDE4Mjk1MywiaWF0IjoxNjg2NDA2OTUzLCJqdGkiOiI2YmJhYWFlYzBiNDc0ZjNlOTQzYTE5ZTJmMDNhNjM0ZiIsInVzZXJfaWQiOjF9.sNeVmKEAplm3g0HX_1BNoqdB3YDx3zrtzmTlA3vzKOs", "created_at": "2023-06-10T14:22:33.120Z", "expires_at": "2023-09-08T14:22:33Z"}}, {"model": "token_blacklist.outstandingtoken", "pk": 30, "fields": {"user": 1, "jti": "e8c865ca873d45d59415e365ad6a263d", "token": "eyJhbGciOiJIUzI1NiIsInR5cCI6IkpXVCJ9.eyJ0b2tlbl90eXBlIjoicmVmcmVzaCIsImV4cCI6MTY5NDE4Mjk2NSwiaWF0IjoxNjg2NDA2OTY1LCJqdGkiOiJlOGM4NjVjYTg3M2Q0NWQ1OTQxNWUzNjVhZDZhMjYzZCIsInVzZXJfaWQiOjF9.HEDGE4dq4KmZ4bZm2R4NEDJlH79T6WUloVXodQ82GWI", "created_at": "2023-06-10T14:22:45.327Z", "expires_at": "2023-09-08T14:22:45Z"}}, {"model": "token_blacklist.outstandingtoken", "pk": 31, "fields": {"user": 1, "jti": "8e6630aae3474e81a2a35726d531a340", "token": "eyJhbGciOiJIUzI1NiIsInR5cCI6IkpXVCJ9.eyJ0b2tlbl90eXBlIjoicmVmcmVzaCIsImV4cCI6MTY5NDE4Mjk2NSwiaWF0IjoxNjg2NDA2OTY1LCJqdGkiOiI4ZTY2MzBhYWUzNDc0ZTgxYTJhMzU3MjZkNTMxYTM0MCIsInVzZXJfaWQiOjF9._-pA42YbHrSMaOgrJXMbg6cqOQyTdv9BXmWXR2S7Po8", "created_at": "2023-06-10T14:22:45.602Z", "expires_at": "2023-09-08T14:22:45Z"}}, {"model": "token_blacklist.outstandingtoken", "pk": 32, "fields": {"user": 1, "jti": "6f4cf9c47615404e9f6ce4f2b3c8da09", "token": "eyJhbGciOiJIUzI1NiIsInR5cCI6IkpXVCJ9.eyJ0b2tlbl90eXBlIjoicmVmcmVzaCIsImV4cCI6MTY5NDE4Mjk2NiwiaWF0IjoxNjg2NDA2OTY2LCJqdGkiOiI2ZjRjZjljNDc2MTU0MDRlOWY2Y2U0ZjJiM2M4ZGEwOSIsInVzZXJfaWQiOjF9.zQmHupeiZJmg66w92LluMuUfQmnon6rjuJvQ07zAH8o", "created_at": "2023-06-10T14:22:46.059Z", "expires_at": "2023-09-08T14:22:46Z"}}, {"model": "token_blacklist.outstandingtoken", "pk": 33, "fields": {"user": 1, "jti": "631c6f2b4dc84cf093833c1bb1f2792b", "token": "eyJhbGciOiJIUzI1NiIsInR5cCI6IkpXVCJ9.eyJ0b2tlbl90eXBlIjoicmVmcmVzaCIsImV4cCI6MTY5NDE4Mjk2NiwiaWF0IjoxNjg2NDA2OTY2LCJqdGkiOiI2MzFjNmYyYjRkYzg0Y2YwOTM4MzNjMWJiMWYyNzkyYiIsInVzZXJfaWQiOjF9.lIKvqIlMtnpEhV_rg-GGEBSxbON4s7ZiNBH2pGA_YVY", "created_at": "2023-06-10T14:22:46.301Z", "expires_at": "2023-09-08T14:22:46Z"}}, {"model": "token_blacklist.outstandingtoken", "pk": 34, "fields": {"user": 1, "jti": "e953952186a144148d6c7e1390d8172a", "token": "eyJhbGciOiJIUzI1NiIsInR5cCI6IkpXVCJ9.eyJ0b2tlbl90eXBlIjoicmVmcmVzaCIsImV4cCI6MTY5NDE4Mjk5MywiaWF0IjoxNjg2NDA2OTkzLCJqdGkiOiJlOTUzOTUyMTg2YTE0NDE0OGQ2YzdlMTM5MGQ4MTcyYSIsInVzZXJfaWQiOjF9.j4smE-Vj6mPEvDJ02khZjEK1YrR-6Ho694MN1NSGDQQ", "created_at": "2023-06-10T14:23:13.394Z", "expires_at": "2023-09-08T14:23:13Z"}}, {"model": "token_blacklist.outstandingtoken", "pk": 35, "fields": {"user": null, "jti": "12529f9dc8ce4cc797ca698d254845be", "token": "eyJhbGciOiJIUzI1NiIsInR5cCI6IkpXVCJ9.eyJ0b2tlbl90eXBlIjoicmVmcmVzaCIsImV4cCI6MTY5NDE4MzAyMCwiaWF0IjoxNjg2NDA3MDIwLCJqdGkiOiIxMjUyOWY5ZGM4Y2U0Y2M3OTdjYTY5OGQyNTQ4NDViZSIsInVzZXJfaWQiOjh9.lCBO6ZsEEgf8yeZPce8s1c_U97B5lMnhRxrD1S3o4Bk", "created_at": "2023-06-10T14:23:40.588Z", "expires_at": "2023-09-08T14:23:40Z"}}, {"model": "token_blacklist.outstandingtoken", "pk": 36, "fields": {"user": 1, "jti": "d9c6f72cbeba45b4aca203e23c16f1be", "token": "eyJhbGciOiJIUzI1NiIsInR5cCI6IkpXVCJ9.eyJ0b2tlbl90eXBlIjoicmVmcmVzaCIsImV4cCI6MTY5NDE4MzA1MywiaWF0IjoxNjg2NDA3MDUzLCJqdGkiOiJkOWM2ZjcyY2JlYmE0NWI0YWNhMjAzZTIzYzE2ZjFiZSIsInVzZXJfaWQiOjF9.FDP-sr8-JrcJBGtsSp7T7VjNZB5g2defpxWZEDApafI", "created_at": "2023-06-10T14:24:13.499Z", "expires_at": "2023-09-08T14:24:13Z"}}, {"model": "token_blacklist.outstandingtoken", "pk": 37, "fields": {"user": 1, "jti": "48147c12805d41a0848a3d42a0b7fe35", "token": "eyJhbGciOiJIUzI1NiIsInR5cCI6IkpXVCJ9.eyJ0b2tlbl90eXBlIjoicmVmcmVzaCIsImV4cCI6MTY5NDE4MzA2NSwiaWF0IjoxNjg2NDA3MDY1LCJqdGkiOiI0ODE0N2MxMjgwNWQ0MWEwODQ4YTNkNDJhMGI3ZmUzNSIsInVzZXJfaWQiOjF9.3f2yV2PATOWCvNBEfZAtZbpR8HUvtenV_p-WapysaPA", "created_at": "2023-06-10T14:24:25.854Z", "expires_at": "2023-09-08T14:24:25Z"}}, {"model": "token_blacklist.outstandingtoken", "pk": 38, "fields": {"user": 1, "jti": "19c113dcf0e244e0ba17d94db506bbb4", "token": "eyJhbGciOiJIUzI1NiIsInR5cCI6IkpXVCJ9.eyJ0b2tlbl90eXBlIjoicmVmcmVzaCIsImV4cCI6MTY5NDE4MzA3MSwiaWF0IjoxNjg2NDA3MDcxLCJqdGkiOiIxOWMxMTNkY2YwZTI0NGUwYmExN2Q5NGRiNTA2YmJiNCIsInVzZXJfaWQiOjF9.vIxxkWMs_1KripgHrUARR-kSwgQqUwE9pSv96XSlzrg", "created_at": "2023-06-10T14:24:31.523Z", "expires_at": "2023-09-08T14:24:31Z"}}, {"model": "token_blacklist.outstandingtoken", "pk": 39, "fields": {"user": 1, "jti": "70d25871a0d04cf4be9ed7a272622432", "token": "eyJhbGciOiJIUzI1NiIsInR5cCI6IkpXVCJ9.eyJ0b2tlbl90eXBlIjoicmVmcmVzaCIsImV4cCI6MTY5NDE4MzA3MSwiaWF0IjoxNjg2NDA3MDcxLCJqdGkiOiI3MGQyNTg3MWEwZDA0Y2Y0YmU5ZWQ3YTI3MjYyMjQzMiIsInVzZXJfaWQiOjF9.42fWK7xMP0CPvAduSeurL9WNmMl_XV1fmQOTWoKEHcA", "created_at": "2023-06-10T14:24:31.752Z", "expires_at": "2023-09-08T14:24:31Z"}}, {"model": "token_blacklist.outstandingtoken", "pk": 40, "fields": {"user": 1, "jti": "1de040b9cdca4d69bcd219f1738b8b76", "token": "eyJhbGciOiJIUzI1NiIsInR5cCI6IkpXVCJ9.eyJ0b2tlbl90eXBlIjoicmVmcmVzaCIsImV4cCI6MTY5NDE4MzA3MSwiaWF0IjoxNjg2NDA3MDcxLCJqdGkiOiIxZGUwNDBiOWNkY2E0ZDY5YmNkMjE5ZjE3MzhiOGI3NiIsInVzZXJfaWQiOjF9.BXQCMEBQrKimmKGyyGAMdOz3M9HzyvQnyZi5Qpk80cI", "created_at": "2023-06-10T14:24:31.969Z", "expires_at": "2023-09-08T14:24:31Z"}}, {"model": "token_blacklist.outstandingtoken", "pk": 41, "fields": {"user": 1, "jti": "ec4875ef062e4d3fa575ce7870daf0c2", "token": "eyJhbGciOiJIUzI1NiIsInR5cCI6IkpXVCJ9.eyJ0b2tlbl90eXBlIjoicmVmcmVzaCIsImV4cCI6MTY5NDE4MzA3MiwiaWF0IjoxNjg2NDA3MDcyLCJqdGkiOiJlYzQ4NzVlZjA2MmU0ZDNmYTU3NWNlNzg3MGRhZjBjMiIsInVzZXJfaWQiOjF9.0d4ynhBYGf8lJmn7IdavNn0FZi0yrVqDNvRz5Wgeffc", "created_at": "2023-06-10T14:24:32.302Z", "expires_at": "2023-09-08T14:24:32Z"}}, {"model": "token_blacklist.outstandingtoken", "pk": 42, "fields": {"user": 1, "jti": "616be45fbebf4c10bea645c26fc37cce", "token": "eyJhbGciOiJIUzI1NiIsInR5cCI6IkpXVCJ9.eyJ0b2tlbl90eXBlIjoicmVmcmVzaCIsImV4cCI6MTY5NDE4MzA3MiwiaWF0IjoxNjg2NDA3MDcyLCJqdGkiOiI2MTZiZTQ1ZmJlYmY0YzEwYmVhNjQ1YzI2ZmMzN2NjZSIsInVzZXJfaWQiOjF9.gwOfyBC54koSmTMhS4lDcBM2qrzFssUtvsVbucNxcHw", "created_at": "2023-06-10T14:24:32.312Z", "expires_at": "2023-09-08T14:24:32Z"}}, {"model": "token_blacklist.outstandingtoken", "pk": 43, "fields": {"user": 1, "jti": "20e4d5ebb41743edbceb5957e512738d", "token": "eyJhbGciOiJIUzI1NiIsInR5cCI6IkpXVCJ9.eyJ0b2tlbl90eXBlIjoicmVmcmVzaCIsImV4cCI6MTY5NDE4MzA3MiwiaWF0IjoxNjg2NDA3MDcyLCJqdGkiOiIyMGU0ZDVlYmI0MTc0M2VkYmNlYjU5NTdlNTEyNzM4ZCIsInVzZXJfaWQiOjF9.n_a_DPYm32xMOGF07Rj0vmEiddshrQJVF5nL18ON1xM", "created_at": "2023-06-10T14:24:32.659Z", "expires_at": "2023-09-08T14:24:32Z"}}, {"model": "token_blacklist.outstandingtoken", "pk": 44, "fields": {"user": 1, "jti": "92cdc6c09bad417b8e0199c737a5d058", "token": "eyJhbGciOiJIUzI1NiIsInR5cCI6IkpXVCJ9.eyJ0b2tlbl90eXBlIjoicmVmcmVzaCIsImV4cCI6MTY5NDE4MzA3MiwiaWF0IjoxNjg2NDA3MDcyLCJqdGkiOiI5MmNkYzZjMDliYWQ0MTdiOGUwMTk5YzczN2E1ZDA1OCIsInVzZXJfaWQiOjF9.0w7FrzVd_PVoIYd60xIU8vObt4kbNM52dfrPmRM_Lw4", "created_at": "2023-06-10T14:24:32.513Z", "expires_at": "2023-09-08T14:24:32Z"}}, {"model": "token_blacklist.outstandingtoken", "pk": 45, "fields": {"user": 1, "jti": "305b31e8b27243b0966ab5369be86e70", "token": "eyJhbGciOiJIUzI1NiIsInR5cCI6IkpXVCJ9.eyJ0b2tlbl90eXBlIjoicmVmcmVzaCIsImV4cCI6MTY5NDE4MzA3NiwiaWF0IjoxNjg2NDA3MDc2LCJqdGkiOiIzMDViMzFlOGIyNzI0M2IwOTY2YWI1MzY5YmU4NmU3MCIsInVzZXJfaWQiOjF9.A0gmf_h52U7E_0hZwk1flvEcaOKn67jznOgH7_0xSPs", "created_at": "2023-06-10T14:24:36.230Z", "expires_at": "2023-09-08T14:24:36Z"}}, {"model": "token_blacklist.outstandingtoken", "pk": 46, "fields": {"user": 1, "jti": "4e6118a02a43480a8e7ad3be7dce42b8", "token": "eyJhbGciOiJIUzI1NiIsInR5cCI6IkpXVCJ9.eyJ0b2tlbl90eXBlIjoicmVmcmVzaCIsImV4cCI6MTY5NDE4MzA3NiwiaWF0IjoxNjg2NDA3MDc2LCJqdGkiOiI0ZTYxMThhMDJhNDM0ODBhOGU3YWQzYmU3ZGNlNDJiOCIsInVzZXJfaWQiOjF9.r_EcFvtWF7ve5HU9lZZkD7yRAFT7lp7jn0BHtaoNLOg", "created_at": "2023-06-10T14:24:36.315Z", "expires_at": "2023-09-08T14:24:36Z"}}, {"model": "token_blacklist.outstandingtoken", "pk": 47, "fields": {"user": 1, "jti": "169b5368b5d44a4a9c5881b3b25ec803", "token": "eyJhbGciOiJIUzI1NiIsInR5cCI6IkpXVCJ9.eyJ0b2tlbl90eXBlIjoicmVmcmVzaCIsImV4cCI6MTY5NDE4MzA3NiwiaWF0IjoxNjg2NDA3MDc2LCJqdGkiOiIxNjliNTM2OGI1ZDQ0YTRhOWM1ODgxYjNiMjVlYzgwMyIsInVzZXJfaWQiOjF9.GuJyPGEEgAhvS9jCAY358KkYjOcA4Tl7f5rRlTnEXlg", "created_at": "2023-06-10T14:24:36.387Z", "expires_at": "2023-09-08T14:24:36Z"}}, {"model": "token_blacklist.outstandingtoken", "pk": 48, "fields": {"user": 1, "jti": "d11be718664d4c9fb42786fa344e2e31", "token": "eyJhbGciOiJIUzI1NiIsInR5cCI6IkpXVCJ9.eyJ0b2tlbl90eXBlIjoicmVmcmVzaCIsImV4cCI6MTY5NDE4MzA4MCwiaWF0IjoxNjg2NDA3MDgwLCJqdGkiOiJkMTFiZTcxODY2NGQ0YzlmYjQyNzg2ZmEzNDRlMmUzMSIsInVzZXJfaWQiOjF9.C_W0ozKbbFFBm9IWhytjoJ6GYEZgmHJMuYVLVtAL52A", "created_at": "2023-06-10T14:24:40.506Z", "expires_at": "2023-09-08T14:24:40Z"}}, {"model": "token_blacklist.outstandingtoken", "pk": 49, "fields": {"user": 1, "jti": "2a63c693f51c4d84952f579d93029451", "token": "eyJhbGciOiJIUzI1NiIsInR5cCI6IkpXVCJ9.eyJ0b2tlbl90eXBlIjoicmVmcmVzaCIsImV4cCI6MTY5NDE4MzA4MCwiaWF0IjoxNjg2NDA3MDgwLCJqdGkiOiIyYTYzYzY5M2Y1MWM0ZDg0OTUyZjU3OWQ5MzAyOTQ1MSIsInVzZXJfaWQiOjF9.RkzBtgNgUF6GYbEHsvvIwv3CbF98YdM-TZushQhrvK4", "created_at": "2023-06-10T14:24:40.700Z", "expires_at": "2023-09-08T14:24:40Z"}}, {"model": "token_blacklist.outstandingtoken", "pk": 50, "fields": {"user": 1, "jti": "b447c9da27f441c7bd8ac6985a13c8f0", "token": "eyJhbGciOiJIUzI1NiIsInR5cCI6IkpXVCJ9.eyJ0b2tlbl90eXBlIjoicmVmcmVzaCIsImV4cCI6MTY5NDE4MzA4MCwiaWF0IjoxNjg2NDA3MDgwLCJqdGkiOiJiNDQ3YzlkYTI3ZjQ0MWM3YmQ4YWM2OTg1YTEzYzhmMCIsInVzZXJfaWQiOjF9.tuGl_r54OpflBf_SuWc8Vgypy1dRS0DduE_8PqKngoc", "created_at": "2023-06-10T14:24:40.829Z", "expires_at": "2023-09-08T14:24:40Z"}}, {"model": "token_blacklist.outstandingtoken", "pk": 51, "fields": {"user": 1, "jti": "bfe017cde2054dc4b524cb9d2a674bda", "token": "eyJhbGciOiJIUzI1NiIsInR5cCI6IkpXVCJ9.eyJ0b2tlbl90eXBlIjoicmVmcmVzaCIsImV4cCI6MTY5NDE4MzE4MywiaWF0IjoxNjg2NDA3MTgzLCJqdGkiOiJiZmUwMTdjZGUyMDU0ZGM0YjUyNGNiOWQyYTY3NGJkYSIsInVzZXJfaWQiOjF9.dfZwxlDl1cRB9S1tnnIKGh8OG7J-ePGBHvfFNLwqIYQ", "created_at": "2023-06-10T14:26:23.629Z", "expires_at": "2023-09-08T14:26:23Z"}}, {"model": "token_blacklist.outstandingtoken", "pk": 52, "fields": {"user": 1, "jti": "6ed51506817f412f84b0ed00fb65a626", "token": "eyJhbGciOiJIUzI1NiIsInR5cCI6IkpXVCJ9.eyJ0b2tlbl90eXBlIjoicmVmcmVzaCIsImV4cCI6MTY5NDE4MzM5MSwiaWF0IjoxNjg2NDA3MzkxLCJqdGkiOiI2ZWQ1MTUwNjgxN2Y0MTJmODRiMGVkMDBmYjY1YTYyNiIsInVzZXJfaWQiOjF9.d7Z_YCryghd9jO365TZa-0VnVoNWlIFvqW_E3XVCJ30", "created_at": "2023-06-10T14:29:51.473Z", "expires_at": "2023-09-08T14:29:51Z"}}, {"model": "token_blacklist.outstandingtoken", "pk": 53, "fields": {"user": null, "jti": "b27da1ddc79f4d7eac4fce43963a2741", "token": "eyJhbGciOiJIUzI1NiIsInR5cCI6IkpXVCJ9.eyJ0b2tlbl90eXBlIjoicmVmcmVzaCIsImV4cCI6MTY5NDE4MzQyNywiaWF0IjoxNjg2NDA3NDI3LCJqdGkiOiJiMjdkYTFkZGM3OWY0ZDdlYWM0ZmNlNDM5NjNhMjc0MSIsInVzZXJfaWQiOjl9.ZENVa9AL7558kvuUjfzgG9b-hI5k5hSQ2jDq7-BrsMc", "created_at": "2023-06-10T14:30:27.441Z", "expires_at": "2023-09-08T14:30:27Z"}}, {"model": "token_blacklist.outstandingtoken", "pk": 54, "fields": {"user": null, "jti": "107de753660446059fb19d1478f6dbb2", "token": "eyJhbGciOiJIUzI1NiIsInR5cCI6IkpXVCJ9.eyJ0b2tlbl90eXBlIjoicmVmcmVzaCIsImV4cCI6MTY5NDE4MzQ1NSwiaWF0IjoxNjg2NDA3NDU1LCJqdGkiOiIxMDdkZTc1MzY2MDQ0NjA1OWZiMTlkMTQ3OGY2ZGJiMiIsInVzZXJfaWQiOjl9.FfRJj0xv1PNbf_FI2hjPkndX6bgzbqSl5kKVy5R5YZc", "created_at": "2023-06-10T14:30:55.138Z", "expires_at": "2023-09-08T14:30:55Z"}}, {"model": "token_blacklist.outstandingtoken", "pk": 55, "fields": {"user": null, "jti": "50bbe703dc0c4dff83ccbc660929ad21", "token": "eyJhbGciOiJIUzI1NiIsInR5cCI6IkpXVCJ9.eyJ0b2tlbl90eXBlIjoicmVmcmVzaCIsImV4cCI6MTY5NDE4MzUwOSwiaWF0IjoxNjg2NDA3NTA5LCJqdGkiOiI1MGJiZTcwM2RjMGM0ZGZmODNjY2JjNjYwOTI5YWQyMSIsInVzZXJfaWQiOjEwfQ.ptTb6oMrIa39AtvJSyjPdpOFqmKBLjOe_v7OTPtENAQ", "created_at": "2023-06-10T14:31:49.766Z", "expires_at": "2023-09-08T14:31:49Z"}}, {"model": "token_blacklist.outstandingtoken", "pk": 56, "fields": {"user": null, "jti": "deb0865ec0c64107a7cfb546a1efb5b8", "token": "eyJhbGciOiJIUzI1NiIsInR5cCI6IkpXVCJ9.eyJ0b2tlbl90eXBlIjoicmVmcmVzaCIsImV4cCI6MTY5NDE4MzYyOCwiaWF0IjoxNjg2NDA3NjI4LCJqdGkiOiJkZWIwODY1ZWMwYzY0MTA3YTdjZmI1NDZhMWVmYjViOCIsInVzZXJfaWQiOjExfQ.EpdHOnXe9TfzMusYcWCAKctcKDsP5WqQCe0GF11bhYQ", "created_at": "2023-06-10T14:33:48.047Z", "expires_at": "2023-09-08T14:33:48Z"}}, {"model": "token_blacklist.outstandingtoken", "pk": 57, "fields": {"user": null, "jti": "5ba4a5bf20ec4017bf332501549f6735", "token": "eyJhbGciOiJIUzI1NiIsInR5cCI6IkpXVCJ9.eyJ0b2tlbl90eXBlIjoicmVmcmVzaCIsImV4cCI6MTY5NDE4MzY2OCwiaWF0IjoxNjg2NDA3NjY4LCJqdGkiOiI1YmE0YTViZjIwZWM0MDE3YmYzMzI1MDE1NDlmNjczNSIsInVzZXJfaWQiOjEyfQ.xrEwNA1j3B5Euqzmoo1tlArMgNWw6PsqZz9dcvHBBq4", "created_at": "2023-06-10T14:34:28.953Z", "expires_at": "2023-09-08T14:34:28Z"}}, {"model": "token_blacklist.outstandingtoken", "pk": 58, "fields": {"user": null, "jti": "86fdc899f1c8426688b5e7dbfa9cde34", "token": "eyJhbGciOiJIUzI1NiIsInR5cCI6IkpXVCJ9.eyJ0b2tlbl90eXBlIjoicmVmcmVzaCIsImV4cCI6MTY5NDE4MzgwMiwiaWF0IjoxNjg2NDA3ODAyLCJqdGkiOiI4NmZkYzg5OWYxYzg0MjY2ODhiNWU3ZGJmYTljZGUzNCIsInVzZXJfaWQiOjEzfQ.zvLK_0ekrg_V7tFPEy2mWMjn8fq_0tmy_NEByhNEWEo", "created_at": "2023-06-10T14:36:42.675Z", "expires_at": "2023-09-08T14:36:42Z"}}, {"model": "token_blacklist.outstandingtoken", "pk": 59, "fields": {"user": 1, "jti": "c6322d8ea0b94fc7a98f23d5699dd72d", "token": "eyJhbGciOiJIUzI1NiIsInR5cCI6IkpXVCJ9.eyJ0b2tlbl90eXBlIjoicmVmcmVzaCIsImV4cCI6MTY5NDE4NDU3OCwiaWF0IjoxNjg2NDA4NTc4LCJqdGkiOiJjNjMyMmQ4ZWEwYjk0ZmM3YTk4ZjIzZDU2OTlkZDcyZCIsInVzZXJfaWQiOjF9.N-SFPNd77gmKNlztzA7xKF6_7mM3PQC1qm43Mh99kFA", "created_at": "2023-06-10T14:49:38.597Z", "expires_at": "2023-09-08T14:49:38Z"}}, {"model": "token_blacklist.outstandingtoken", "pk": 60, "fields": {"user": 1, "jti": "f89dbd94de494cb3bb26e4cedc989dae", "token": "eyJhbGciOiJIUzI1NiIsInR5cCI6IkpXVCJ9.eyJ0b2tlbl90eXBlIjoicmVmcmVzaCIsImV4cCI6MTY5NDE4ODc0NCwiaWF0IjoxNjg2NDEyNzQ0LCJqdGkiOiJmODlkYmQ5NGRlNDk0Y2IzYmIyNmU0Y2VkYzk4OWRhZSIsInVzZXJfaWQiOjF9.W9dcBbPkuuCJl4HQ88k_3xurnIt5ls4DLM18Tpc8bkk", "created_at": "2023-06-10T15:59:04.360Z", "expires_at": "2023-09-08T15:59:04Z"}}, {"model": "token_blacklist.outstandingtoken", "pk": 61, "fields": {"user": 1, "jti": "d327262064ff4a959e2a986d3cdabdc4", "token": "eyJhbGciOiJIUzI1NiIsInR5cCI6IkpXVCJ9.eyJ0b2tlbl90eXBlIjoicmVmcmVzaCIsImV4cCI6MTY5NDE4OTEzMywiaWF0IjoxNjg2NDEzMTMzLCJqdGkiOiJkMzI3MjYyMDY0ZmY0YTk1OWUyYTk4NmQzY2RhYmRjNCIsInVzZXJfaWQiOjF9.ufr9mAypkGl_NEDi0Ijok1lw2fWhsmHMLZRzicBdwPE", "created_at": "2023-06-10T16:05:33.061Z", "expires_at": "2023-09-08T16:05:33Z"}}, {"model": "token_blacklist.outstandingtoken", "pk": 62, "fields": {"user": 1, "jti": "8443443e543c4c8ebd65292dc6cc8aa7", "token": "eyJhbGciOiJIUzI1NiIsInR5cCI6IkpXVCJ9.eyJ0b2tlbl90eXBlIjoicmVmcmVzaCIsImV4cCI6MTY5NDIzMDMyMCwiaWF0IjoxNjg2NDU0MzIwLCJqdGkiOiI4NDQzNDQzZTU0M2M0YzhlYmQ2NTI5MmRjNmNjOGFhNyIsInVzZXJfaWQiOjF9.AjDPdzMOo-EgvkmucKWejQAqW4APwSzY-xj0ooGHgWk", "created_at": "2023-06-11T03:32:00.791Z", "expires_at": "2023-09-09T03:32:00Z"}}, {"model": "token_blacklist.outstandingtoken", "pk": 63, "fields": {"user": 1, "jti": "0f9f8f9322e0495dbb52f2052c6c5e7e", "token": "eyJhbGciOiJIUzI1NiIsInR5cCI6IkpXVCJ9.eyJ0b2tlbl90eXBlIjoicmVmcmVzaCIsImV4cCI6MTY5NDIzMDQzMywiaWF0IjoxNjg2NDU0NDMzLCJqdGkiOiIwZjlmOGY5MzIyZTA0OTVkYmI1MmYyMDUyYzZjNWU3ZSIsInVzZXJfaWQiOjF9.eukP8E7jyW73vmZdu1FtYDb7KbeV11E653C34n6G1JQ", "created_at": "2023-06-11T03:33:53.244Z", "expires_at": "2023-09-09T03:33:53Z"}}, {"model": "token_blacklist.outstandingtoken", "pk": 64, "fields": {"user": 1, "jti": "4827d71ce4df4ea5ad7d7767a8ae578c", "token": "eyJhbGciOiJIUzI1NiIsInR5cCI6IkpXVCJ9.eyJ0b2tlbl90eXBlIjoicmVmcmVzaCIsImV4cCI6MTY5NDIzMDYyMywiaWF0IjoxNjg2NDU0NjIzLCJqdGkiOiI0ODI3ZDcxY2U0ZGY0ZWE1YWQ3ZDc3NjdhOGFlNTc4YyIsInVzZXJfaWQiOjF9.nNHAXZ3uPSxy-5LuqUCvl0o5y3NyYoMiOMoJqK6ajVU", "created_at": "2023-06-11T03:37:03.232Z", "expires_at": "2023-09-09T03:37:03Z"}}, {"model": "token_blacklist.outstandingtoken", "pk": 65, "fields": {"user": 1, "jti": "86d4175145d446b688bc3fd727735dda", "token": "eyJhbGciOiJIUzI1NiIsInR5cCI6IkpXVCJ9.eyJ0b2tlbl90eXBlIjoicmVmcmVzaCIsImV4cCI6MTY5NDI0MzczMiwiaWF0IjoxNjg2NDY3NzMyLCJqdGkiOiI4NmQ0MTc1MTQ1ZDQ0NmI2ODhiYzNmZDcyNzczNWRkYSIsInVzZXJfaWQiOjF9.r4X4eDddtlgslwfQ5T9ytDz57j628aRLzzmlP1uClKg", "created_at": "2023-06-11T07:15:32.356Z", "expires_at": "2023-09-09T07:15:32Z"}}, {"model": "token_blacklist.outstandingtoken", "pk": 66, "fields": {"user": 1, "jti": "1d76d6f9f87b4bd6ae29840cf00da4d2", "token": "eyJhbGciOiJIUzI1NiIsInR5cCI6IkpXVCJ9.eyJ0b2tlbl90eXBlIjoicmVmcmVzaCIsImV4cCI6MTY5NDI0NTgyMywiaWF0IjoxNjg2NDY5ODIzLCJqdGkiOiIxZDc2ZDZmOWY4N2I0YmQ2YWUyOTg0MGNmMDBkYTRkMiIsInVzZXJfaWQiOjF9.oTM16BVPkc89Kh8uIEmKcJGkNRJnh3FsyReL53OZ-H8", "created_at": "2023-06-11T07:50:23.074Z", "expires_at": "2023-09-09T07:50:23Z"}}, {"model": "token_blacklist.outstandingtoken", "pk": 67, "fields": {"user": 1, "jti": "cef9fc02447c4f9d94e372aaced3bd55", "token": "eyJhbGciOiJIUzI1NiIsInR5cCI6IkpXVCJ9.eyJ0b2tlbl90eXBlIjoicmVmcmVzaCIsImV4cCI6MTY5NDI2NTY3MCwiaWF0IjoxNjg2NDg5NjcwLCJqdGkiOiJjZWY5ZmMwMjQ0N2M0ZjlkOTRlMzcyYWFjZWQzYmQ1NSIsInVzZXJfaWQiOjF9.6wFFucLZO3ndKI4IAeAgpI5KEzaUHoGEd7hr6A9sBM0", "created_at": "2023-06-11T13:21:10.265Z", "expires_at": "2023-09-09T13:21:10Z"}}, {"model": "token_blacklist.outstandingtoken", "pk": 68, "fields": {"user": 1, "jti": "83cfc25bfde1494dbb42417cda82a0a6", "token": "eyJhbGciOiJIUzI1NiIsInR5cCI6IkpXVCJ9.eyJ0b2tlbl90eXBlIjoicmVmcmVzaCIsImV4cCI6MTY5NDI2NTY3NCwiaWF0IjoxNjg2NDg5Njc0LCJqdGkiOiI4M2NmYzI1YmZkZTE0OTRkYmI0MjQxN2NkYTgyYTBhNiIsInVzZXJfaWQiOjF9.XcWFxTdMuHtV1aowzrs8bv0Q3zYSCeTRgkSUJkYCK5Y", "created_at": "2023-06-11T13:21:14.791Z", "expires_at": "2023-09-09T13:21:14Z"}}, {"model": "token_blacklist.outstandingtoken", "pk": 69, "fields": {"user": 1, "jti": "d0af1d1dcce740229de6026c3bef42d0", "token": "eyJhbGciOiJIUzI1NiIsInR5cCI6IkpXVCJ9.eyJ0b2tlbl90eXBlIjoicmVmcmVzaCIsImV4cCI6MTY5NDI3NTAxMSwiaWF0IjoxNjg2NDk5MDExLCJqdGkiOiJkMGFmMWQxZGNjZTc0MDIyOWRlNjAyNmMzYmVmNDJkMCIsInVzZXJfaWQiOjF9.9eTgXuHj9WoOonOqR5-XzkmwYbhWJGCe1J1suEAmHgo", "created_at": "2023-06-11T15:56:51.094Z", "expires_at": "2023-09-09T15:56:51Z"}}, {"model": "token_blacklist.outstandingtoken", "pk": 70, "fields": {"user": 1, "jti": "4be8f661022e4921b853d07779b26281", "token": "eyJhbGciOiJIUzI1NiIsInR5cCI6IkpXVCJ9.eyJ0b2tlbl90eXBlIjoicmVmcmVzaCIsImV4cCI6MTY5NDI3NTE5NywiaWF0IjoxNjg2NDk5MTk3LCJqdGkiOiI0YmU4ZjY2MTAyMmU0OTIxYjg1M2QwNzc3OWIyNjI4MSIsInVzZXJfaWQiOjF9.7jEhpEoofwRZe8VC6Qhe4DT1b6Uj3WtwYhSbNdRkxWk", "created_at": "2023-06-11T15:59:57.960Z", "expires_at": "2023-09-09T15:59:57Z"}}, {"model": "token_blacklist.outstandingtoken", "pk": 71, "fields": {"user": 1, "jti": "c756902073cb411a98974fe2dfc21444", "token": "eyJhbGciOiJIUzI1NiIsInR5cCI6IkpXVCJ9.eyJ0b2tlbl90eXBlIjoicmVmcmVzaCIsImV4cCI6MTY5NDI3NTI5MCwiaWF0IjoxNjg2NDk5MjkwLCJqdGkiOiJjNzU2OTAyMDczY2I0MTFhOTg5NzRmZTJkZmMyMTQ0NCIsInVzZXJfaWQiOjF9.Pg-tgKj5Y_rX4mtoURIPMdHnBf6g9u_72fPucCBfnWY", "created_at": "2023-06-11T16:01:30.896Z", "expires_at": "2023-09-09T16:01:30Z"}}, {"model": "token_blacklist.outstandingtoken", "pk": 72, "fields": {"user": 1, "jti": "18572f2b434a4650b24fe1f49224c8de", "token": "eyJhbGciOiJIUzI1NiIsInR5cCI6IkpXVCJ9.eyJ0b2tlbl90eXBlIjoicmVmcmVzaCIsImV4cCI6MTY5NDI3NTQ2MCwiaWF0IjoxNjg2NDk5NDYwLCJqdGkiOiIxODU3MmYyYjQzNGE0NjUwYjI0ZmUxZjQ5MjI0YzhkZSIsInVzZXJfaWQiOjF9.NgsPmGP4cSvO0rb7LYArpFdHAy1smrkCjQXovViLykU", "created_at": "2023-06-11T16:04:20.035Z", "expires_at": "2023-09-09T16:04:20Z"}}, {"model": "token_blacklist.outstandingtoken", "pk": 73, "fields": {"user": 1, "jti": "16644727abc74829a57360274aebf38d", "token": "eyJhbGciOiJIUzI1NiIsInR5cCI6IkpXVCJ9.eyJ0b2tlbl90eXBlIjoicmVmcmVzaCIsImV4cCI6MTY5NDI3NTUwNywiaWF0IjoxNjg2NDk5NTA3LCJqdGkiOiIxNjY0NDcyN2FiYzc0ODI5YTU3MzYwMjc0YWViZjM4ZCIsInVzZXJfaWQiOjF9.QXizkJPxbbmjUC3uFhHkd_etDokd3mi-OyeILqywVEI", "created_at": "2023-06-11T16:05:07.330Z", "expires_at": "2023-09-09T16:05:07Z"}}, {"model": "token_blacklist.outstandingtoken", "pk": 74, "fields": {"user": 1, "jti": "f9bf33f4f41b402caf2365be60fdcf66", "token": "eyJhbGciOiJIUzI1NiIsInR5cCI6IkpXVCJ9.eyJ0b2tlbl90eXBlIjoicmVmcmVzaCIsImV4cCI6MTY5NDI3NTU1OSwiaWF0IjoxNjg2NDk5NTU5LCJqdGkiOiJmOWJmMzNmNGY0MWI0MDJjYWYyMzY1YmU2MGZkY2Y2NiIsInVzZXJfaWQiOjF9.qwSh_NGAu1IM5k68P9U7zFoQAJlBU_di1ovoqZ4_9RY", "created_at": "2023-06-11T16:05:59.653Z", "expires_at": "2023-09-09T16:05:59Z"}}, {"model": "token_blacklist.outstandingtoken", "pk": 75, "fields": {"user": 1, "jti": "08652a04775946ada35330c8d5ca1cc4", "token": "eyJhbGciOiJIUzI1NiIsInR5cCI6IkpXVCJ9.eyJ0b2tlbl90eXBlIjoicmVmcmVzaCIsImV4cCI6MTY5NDI3NTY0MCwiaWF0IjoxNjg2NDk5NjQwLCJqdGkiOiIwODY1MmEwNDc3NTk0NmFkYTM1MzMwYzhkNWNhMWNjNCIsInVzZXJfaWQiOjF9.GsAhjlTZ5v59futtaHv59uIBdyqvUmxAHjf8c8wC1Gk", "created_at": "2023-06-11T16:07:20.200Z", "expires_at": "2023-09-09T16:07:20Z"}}, {"model": "token_blacklist.outstandingtoken", "pk": 76, "fields": {"user": 1, "jti": "f9efb41d7e314f35b3a199457acd2584", "token": "eyJhbGciOiJIUzI1NiIsInR5cCI6IkpXVCJ9.eyJ0b2tlbl90eXBlIjoicmVmcmVzaCIsImV4cCI6MTY5NDI3NTc5NiwiaWF0IjoxNjg2NDk5Nzk2LCJqdGkiOiJmOWVmYjQxZDdlMzE0ZjM1YjNhMTk5NDU3YWNkMjU4NCIsInVzZXJfaWQiOjF9.GwAa3ustYaBPP58izYzenUsMOGrZm0vAh1qoWXU0OtA", "created_at": "2023-06-11T16:09:56.223Z", "expires_at": "2023-09-09T16:09:56Z"}}, {"model": "token_blacklist.outstandingtoken", "pk": 77, "fields": {"user": 1, "jti": "97348f1872614dc199a57668f46f1778", "token": "eyJhbGciOiJIUzI1NiIsInR5cCI6IkpXVCJ9.eyJ0b2tlbl90eXBlIjoicmVmcmVzaCIsImV4cCI6MTY5NDI3NjYzNCwiaWF0IjoxNjg2NTAwNjM0LCJqdGkiOiI5NzM0OGYxODcyNjE0ZGMxOTlhNTc2NjhmNDZmMTc3OCIsInVzZXJfaWQiOjF9.qD5c90y10ANpJJ64NaTXbnRfdZMXst722Sd-TuMw_dY", "created_at": "2023-06-11T16:23:54.059Z", "expires_at": "2023-09-09T16:23:54Z"}}, {"model": "token_blacklist.outstandingtoken", "pk": 78, "fields": {"user": null, "jti": "9dbffb17d0554dbc9df792f577baef03", "token": "eyJhbGciOiJIUzI1NiIsInR5cCI6IkpXVCJ9.eyJ0b2tlbl90eXBlIjoicmVmcmVzaCIsImV4cCI6MTY5NDI3ODE2MSwiaWF0IjoxNjg2NTAyMTYxLCJqdGkiOiI5ZGJmZmIxN2QwNTU0ZGJjOWRmNzkyZjU3N2JhZWYwMyIsInVzZXJfaWQiOjJ9.dnkTNpCzfNg-1acACHlkoxTcdbjB-zdR79Leh9kDkXs", "created_at": "2023-06-11T16:49:21.178Z", "expires_at": "2023-09-09T16:49:21Z"}}, {"model": "token_blacklist.outstandingtoken", "pk": 79, "fields": {"user": 1, "jti": "ccd3649dbda64458885481f2866a4618", "token": "eyJhbGciOiJIUzI1NiIsInR5cCI6IkpXVCJ9.eyJ0b2tlbl90eXBlIjoicmVmcmVzaCIsImV4cCI6MTY5NDI3ODE4MCwiaWF0IjoxNjg2NTAyMTgwLCJqdGkiOiJjY2QzNjQ5ZGJkYTY0NDU4ODg1NDgxZjI4NjZhNDYxOCIsInVzZXJfaWQiOjF9.nkNUR1rTZgDjqb461vvMYXOwTeDTedqR5DYoc7-BTEE", "created_at": "2023-06-11T16:49:40.298Z", "expires_at": "2023-09-09T16:49:40Z"}}, {"model": "token_blacklist.outstandingtoken", "pk": 80, "fields": {"user": 1, "jti": "fd2974468916417cbf1da6793bd2900c", "token": "eyJhbGciOiJIUzI1NiIsInR5cCI6IkpXVCJ9.eyJ0b2tlbl90eXBlIjoicmVmcmVzaCIsImV4cCI6MTY5NDI4MTU3NywiaWF0IjoxNjg2NTA1NTc3LCJqdGkiOiJmZDI5NzQ0Njg5MTY0MTdjYmYxZGE2NzkzYmQyOTAwYyIsInVzZXJfaWQiOjF9.mT4SzJh9T3Km1aU5XL4I3rGG5y5G4CwlpURqvvwQ8MQ", "created_at": "2023-06-11T17:46:17.461Z", "expires_at": "2023-09-09T17:46:17Z"}}, {"model": "token_blacklist.outstandingtoken", "pk": 81, "fields": {"user": 1, "jti": "30bd22714ae34e53aee757eea9c62c12", "token": "eyJhbGciOiJIUzI1NiIsInR5cCI6IkpXVCJ9.eyJ0b2tlbl90eXBlIjoicmVmcmVzaCIsImV4cCI6MTY5NDI4MjA0OSwiaWF0IjoxNjg2NTA2MDQ5LCJqdGkiOiIzMGJkMjI3MTRhZTM0ZTUzYWVlNzU3ZWVhOWM2MmMxMiIsInVzZXJfaWQiOjF9.Nb9JeyoadVk68rnz6pUpi70ifzOqwvRvjf6sXmUAXl8", "created_at": "2023-06-11T17:54:09.017Z", "expires_at": "2023-09-09T17:54:09Z"}}, {"model": "token_blacklist.outstandingtoken", "pk": 82, "fields": {"user": 1, "jti": "18fcb405b533481b81635b06707f1b76", "token": "eyJhbGciOiJIUzI1NiIsInR5cCI6IkpXVCJ9.eyJ0b2tlbl90eXBlIjoicmVmcmVzaCIsImV4cCI6MTY5NDI4NDU5NCwiaWF0IjoxNjg2NTA4NTk0LCJqdGkiOiIxOGZjYjQwNWI1MzM0ODFiODE2MzViMDY3MDdmMWI3NiIsInVzZXJfaWQiOjF9.b3oMNhCBefw4sfBToFZiEHf78rU-JWgLf1c3X7F9pe8", "created_at": "2023-06-11T18:36:34.921Z", "expires_at": "2023-09-09T18:36:34Z"}}, {"model": "token_blacklist.outstandingtoken", "pk": 83, "fields": {"user": 1, "jti": "5f0a6592323d4ee180542169c6abe1ee", "token": "eyJhbGciOiJIUzI1NiIsInR5cCI6IkpXVCJ9.eyJ0b2tlbl90eXBlIjoicmVmcmVzaCIsImV4cCI6MTY5NDI4NjAzNSwiaWF0IjoxNjg2NTEwMDM1LCJqdGkiOiI1ZjBhNjU5MjMyM2Q0ZWUxODA1NDIxNjljNmFiZTFlZSIsInVzZXJfaWQiOjF9.Ajh6ynF5sq5oIscWz3yMZN-1_UD5jA8qkR3_j0ldWrI", "created_at": "2023-06-11T19:00:35.255Z", "expires_at": "2023-09-09T19:00:35Z"}}, {"model": "token_blacklist.outstandingtoken", "pk": 84, "fields": {"user": 1, "jti": "6d53a4c117514793bc917340d7deff61", "token": "eyJhbGciOiJIUzI1NiIsInR5cCI6IkpXVCJ9.eyJ0b2tlbl90eXBlIjoicmVmcmVzaCIsImV4cCI6MTY5NDI4NjMxMCwiaWF0IjoxNjg2NTEwMzEwLCJqdGkiOiI2ZDUzYTRjMTE3NTE0NzkzYmM5MTczNDBkN2RlZmY2MSIsInVzZXJfaWQiOjF9.abxoefqRiLsGzwPfOntlXtLy9osE3CTPUKczNUe9BJ4", "created_at": "2023-06-11T19:05:10.660Z", "expires_at": "2023-09-09T19:05:10Z"}}, {"model": "token_blacklist.outstandingtoken", "pk": 85, "fields": {"user": 1, "jti": "ad1c4c46927343c992c6e0e693a29b7c", "token": "eyJhbGciOiJIUzI1NiIsInR5cCI6IkpXVCJ9.eyJ0b2tlbl90eXBlIjoicmVmcmVzaCIsImV4cCI6MTY5NDI4NjMzMywiaWF0IjoxNjg2NTEwMzMzLCJqdGkiOiJhZDFjNGM0NjkyNzM0M2M5OTJjNmUwZTY5M2EyOWI3YyIsInVzZXJfaWQiOjF9.bFbUmk2IfZThkreHA3EvL9cCU4Er1ByOcd3xfYw_t4k", "created_at": "2023-06-11T19:05:33.922Z", "expires_at": "2023-09-09T19:05:33Z"}}, {"model": "token_blacklist.outstandingtoken", "pk": 86, "fields": {"user": 1, "jti": "f07f61d549b1470fb980e4947e30b7be", "token": "eyJhbGciOiJIUzI1NiIsInR5cCI6IkpXVCJ9.eyJ0b2tlbl90eXBlIjoicmVmcmVzaCIsImV4cCI6MTY5NDI4NzA0NCwiaWF0IjoxNjg2NTExMDQ0LCJqdGkiOiJmMDdmNjFkNTQ5YjE0NzBmYjk4MGU0OTQ3ZTMwYjdiZSIsInVzZXJfaWQiOjF9.c9_S9cWPjNUPikArMIpY4LiVsB4dxKLzOgPKRlF4qVM", "created_at": "2023-06-11T19:17:24.302Z", "expires_at": "2023-09-09T19:17:24Z"}}, {"model": "token_blacklist.outstandingtoken", "pk": 87, "fields": {"user": 1, "jti": "586691d6ad2d4d2cb688e90f60346768", "token": "eyJhbGciOiJIUzI1NiIsInR5cCI6IkpXVCJ9.eyJ0b2tlbl90eXBlIjoicmVmcmVzaCIsImV4cCI6MTY5NDI4NzIwNCwiaWF0IjoxNjg2NTExMjA0LCJqdGkiOiI1ODY2OTFkNmFkMmQ0ZDJjYjY4OGU5MGY2MDM0Njc2OCIsInVzZXJfaWQiOjF9.K4E0o1nWSBfT8BCRBzwxm9J3Cvo276k4S8RBDHjSE0k", "created_at": "2023-06-11T19:20:04.001Z", "expires_at": "2023-09-09T19:20:04Z"}}, {"model": "token_blacklist.outstandingtoken", "pk": 88, "fields": {"user": 1, "jti": "d6f1dc7b786344108bc74fcfef9285d5", "token": "eyJhbGciOiJIUzI1NiIsInR5cCI6IkpXVCJ9.eyJ0b2tlbl90eXBlIjoicmVmcmVzaCIsImV4cCI6MTY5NDI4ODQ0OCwiaWF0IjoxNjg2NTEyNDQ4LCJqdGkiOiJkNmYxZGM3Yjc4NjM0NDEwOGJjNzRmY2ZlZjkyODVkNSIsInVzZXJfaWQiOjF9.T8D7mDKo03THEuzICXVZgpD0iFYyFG5D-ec4RW5Ul9M", "created_at": "2023-06-11T19:40:48.894Z", "expires_at": "2023-09-09T19:40:48Z"}}, {"model": "token_blacklist.outstandingtoken", "pk": 89, "fields": {"user": 1, "jti": "f08ee98691234ecd8399efb789d65a57", "token": "eyJhbGciOiJIUzI1NiIsInR5cCI6IkpXVCJ9.eyJ0b2tlbl90eXBlIjoicmVmcmVzaCIsImV4cCI6MTY5NDI5MTU1MSwiaWF0IjoxNjg2NTE1NTUxLCJqdGkiOiJmMDhlZTk4NjkxMjM0ZWNkODM5OWVmYjc4OWQ2NWE1NyIsInVzZXJfaWQiOjF9.HGzRoyO-Ua9NUQJy3QbImtoo2_fUAluPWoBT5zjy4Z4", "created_at": "2023-06-11T20:32:31.409Z", "expires_at": "2023-09-09T20:32:31Z"}}, {"model": "token_blacklist.outstandingtoken", "pk": 90, "fields": {"user": null, "jti": "4234b5c4022b400cbe8c7472487b5602", "token": "eyJhbGciOiJIUzI1NiIsInR5cCI6IkpXVCJ9.eyJ0b2tlbl90eXBlIjoicmVmcmVzaCIsImV4cCI6MTY5NDI5Mjc4MywiaWF0IjoxNjg2NTE2NzgzLCJqdGkiOiI0MjM0YjVjNDAyMmI0MDBjYmU4Yzc0NzI0ODdiNTYwMiIsInVzZXJfaWQiOjJ9.EkRY5ELK8ma9NT4wBtEImzggru1tDHRQGsju7r5SSd4", "created_at": "2023-06-11T20:53:03.491Z", "expires_at": "2023-09-09T20:53:03Z"}}, {"model": "token_blacklist.outstandingtoken", "pk": 91, "fields": {"user": 1, "jti": "4be48b7be0f24c2284c6d3aeb58b56dc", "token": "eyJhbGciOiJIUzI1NiIsInR5cCI6IkpXVCJ9.eyJ0b2tlbl90eXBlIjoicmVmcmVzaCIsImV4cCI6MTY5NDI5MzQzMiwiaWF0IjoxNjg2NTE3NDMyLCJqdGkiOiI0YmU0OGI3YmUwZjI0YzIyODRjNmQzYWViNThiNTZkYyIsInVzZXJfaWQiOjF9.-AjUfZiAxmY8O4POAT24ZV5mW9sObdwg3YySdrd_5Ms", "created_at": "2023-06-11T21:03:52.288Z", "expires_at": "2023-09-09T21:03:52Z"}}, {"model": "token_blacklist.outstandingtoken", "pk": 92, "fields": {"user": 1, "jti": "7a7b1277058e4abaa5c7d89452265bfe", "token": "eyJhbGciOiJIUzI1NiIsInR5cCI6IkpXVCJ9.eyJ0b2tlbl90eXBlIjoicmVmcmVzaCIsImV4cCI6MTY5NDI5NDkzOCwiaWF0IjoxNjg2NTE4OTM4LCJqdGkiOiI3YTdiMTI3NzA1OGU0YWJhYTVjN2Q4OTQ1MjI2NWJmZSIsInVzZXJfaWQiOjF9.75p0EzggKBTXy-Cs2aGCbbkU33HsaRKpCKVc_ZFozLY", "created_at": "2023-06-11T21:28:58.854Z", "expires_at": "2023-09-09T21:28:58Z"}}, {"model": "token_blacklist.outstandingtoken", "pk": 93, "fields": {"user": 1, "jti": "508a6a0bfdb245ac901b4497435d08a5", "token": "eyJhbGciOiJIUzI1NiIsInR5cCI6IkpXVCJ9.eyJ0b2tlbl90eXBlIjoicmVmcmVzaCIsImV4cCI6MTY5NDI5NjU1NCwiaWF0IjoxNjg2NTIwNTU0LCJqdGkiOiI1MDhhNmEwYmZkYjI0NWFjOTAxYjQ0OTc0MzVkMDhhNSIsInVzZXJfaWQiOjF9.O3bgokn3s_CbEeKA8Z-iRj0ShnqdXEQBomV1baT8Ie0", "created_at": "2023-06-11T21:55:54.072Z", "expires_at": "2023-09-09T21:55:54Z"}}, {"model": "token_blacklist.outstandingtoken", "pk": 94, "fields": {"user": 1, "jti": "94283cade35d4d95a2b8098b0df609c8", "token": "eyJhbGciOiJIUzI1NiIsInR5cCI6IkpXVCJ9.eyJ0b2tlbl90eXBlIjoicmVmcmVzaCIsImV4cCI6MTY5NDI5NjcyMSwiaWF0IjoxNjg2NTIwNzIxLCJqdGkiOiI5NDI4M2NhZGUzNWQ0ZDk1YTJiODA5OGIwZGY2MDljOCIsInVzZXJfaWQiOjF9.fFKYqWBrZRi3pWOxEQDe7BDX9YsMyiT0AlRNtQlZMUU", "created_at": "2023-06-11T21:58:41.454Z", "expires_at": "2023-09-09T21:58:41Z"}}, {"model": "token_blacklist.outstandingtoken", "pk": 95, "fields": {"user": 1, "jti": "ac4c6aeaf6cb4ba4bb4de614f177e45a", "token": "eyJhbGciOiJIUzI1NiIsInR5cCI6IkpXVCJ9.eyJ0b2tlbl90eXBlIjoicmVmcmVzaCIsImV4cCI6MTY5NDI5NjgyOSwiaWF0IjoxNjg2NTIwODI5LCJqdGkiOiJhYzRjNmFlYWY2Y2I0YmE0YmI0ZGU2MTRmMTc3ZTQ1YSIsInVzZXJfaWQiOjF9.ux5Lr6dETgMO5E_EgEUMQ3rXQkf77D1GuEQIMUW-Jjk", "created_at": "2023-06-11T22:00:29.320Z", "expires_at": "2023-09-09T22:00:29Z"}}, {"model": "token_blacklist.outstandingtoken", "pk": 96, "fields": {"user": 1, "jti": "d601207f0f19428fab4132489faea39e", "token": "eyJhbGciOiJIUzI1NiIsInR5cCI6IkpXVCJ9.eyJ0b2tlbl90eXBlIjoicmVmcmVzaCIsImV4cCI6MTY5NDI5NzA3NywiaWF0IjoxNjg2NTIxMDc3LCJqdGkiOiJkNjAxMjA3ZjBmMTk0MjhmYWI0MTMyNDg5ZmFlYTM5ZSIsInVzZXJfaWQiOjF9.XA45HTLlSg0_UFHTKUuUsw1HO5C69CNvXwlKuLbOx5M", "created_at": "2023-06-11T22:04:37.905Z", "expires_at": "2023-09-09T22:04:37Z"}}, {"model": "token_blacklist.outstandingtoken", "pk": 97, "fields": {"user": 1, "jti": "cd1c2c2e954741f2ab08490fcba1cad5", "token": "eyJhbGciOiJIUzI1NiIsInR5cCI6IkpXVCJ9.eyJ0b2tlbl90eXBlIjoicmVmcmVzaCIsImV4cCI6MTY5NDI5NzA5MywiaWF0IjoxNjg2NTIxMDkzLCJqdGkiOiJjZDFjMmMyZTk1NDc0MWYyYWIwODQ5MGZjYmExY2FkNSIsInVzZXJfaWQiOjF9.mtj23uPlmF3yQGxTiAbH8bYKCVh-WGWpAy-rF-_YQsk", "created_at": "2023-06-11T22:04:53.598Z", "expires_at": "2023-09-09T22:04:53Z"}}, {"model": "token_blacklist.outstandingtoken", "pk": 98, "fields": {"user": 1, "jti": "4c403c81d68142a78ebb041a88508569", "token": "eyJhbGciOiJIUzI1NiIsInR5cCI6IkpXVCJ9.eyJ0b2tlbl90eXBlIjoicmVmcmVzaCIsImV4cCI6MTY5NDI5NzE4MCwiaWF0IjoxNjg2NTIxMTgwLCJqdGkiOiI0YzQwM2M4MWQ2ODE0MmE3OGViYjA0MWE4ODUwODU2OSIsInVzZXJfaWQiOjF9.nANb0cfX2h2c-7tFufs7I10vgc6oWtWzEzDlVqOU1Rc", "created_at": "2023-06-11T22:06:20.395Z", "expires_at": "2023-09-09T22:06:20Z"}}, {"model": "token_blacklist.outstandingtoken", "pk": 99, "fields": {"user": 1, "jti": "0b0e9e70822840c4acde0333ee14f71c", "token": "eyJhbGciOiJIUzI1NiIsInR5cCI6IkpXVCJ9.eyJ0b2tlbl90eXBlIjoicmVmcmVzaCIsImV4cCI6MTY5NDI5NzQ5OSwiaWF0IjoxNjg2NTIxNDk5LCJqdGkiOiIwYjBlOWU3MDgyMjg0MGM0YWNkZTAzMzNlZTE0ZjcxYyIsInVzZXJfaWQiOjF9.yfDRqfM1RUtIVoCld-8vWmUVj05harXbvujE5GhEuQY", "created_at": "2023-06-11T22:11:39.251Z", "expires_at": "2023-09-09T22:11:39Z"}}, {"model": "token_blacklist.outstandingtoken", "pk": 100, "fields": {"user": 1, "jti": "2d0e890b75bc4912b1763b9a37051748", "token": "eyJhbGciOiJIUzI1NiIsInR5cCI6IkpXVCJ9.eyJ0b2tlbl90eXBlIjoicmVmcmVzaCIsImV4cCI6MTY5NDI5ODA4NCwiaWF0IjoxNjg2NTIyMDg0LCJqdGkiOiIyZDBlODkwYjc1YmM0OTEyYjE3NjNiOWEzNzA1MTc0OCIsInVzZXJfaWQiOjF9.SQPzKzNySrt_bd4R7XqCDill1RMdJt92SJUb-XZsu58", "created_at": "2023-06-11T22:21:24.834Z", "expires_at": "2023-09-09T22:21:24Z"}}, {"model": "token_blacklist.outstandingtoken", "pk": 101, "fields": {"user": 1, "jti": "addf60f617924a7fb920eb36cbcdd3c1", "token": "eyJhbGciOiJIUzI1NiIsInR5cCI6IkpXVCJ9.eyJ0b2tlbl90eXBlIjoicmVmcmVzaCIsImV4cCI6MTY5NDI5ODEwOCwiaWF0IjoxNjg2NTIyMTA4LCJqdGkiOiJhZGRmNjBmNjE3OTI0YTdmYjkyMGViMzZjYmNkZDNjMSIsInVzZXJfaWQiOjF9.uFwh-sPGFjHCp5pYR7LlUVwaE1Xo7JTSkW3qWKKnVQ0", "created_at": "2023-06-11T22:21:48.537Z", "expires_at": "2023-09-09T22:21:48Z"}}, {"model": "token_blacklist.outstandingtoken", "pk": 102, "fields": {"user": 1, "jti": "53de365a6dd44bc4a90c4f4c79d72eed", "token": "eyJhbGciOiJIUzI1NiIsInR5cCI6IkpXVCJ9.eyJ0b2tlbl90eXBlIjoicmVmcmVzaCIsImV4cCI6MTY5NDI5OTAwOSwiaWF0IjoxNjg2NTIzMDA5LCJqdGkiOiI1M2RlMzY1YTZkZDQ0YmM0YTkwYzRmNGM3OWQ3MmVlZCIsInVzZXJfaWQiOjF9.C2iGFbd-nX1GH2jWw2pfc1RdukFcmnZpEFAB41pRrkg", "created_at": "2023-06-11T22:36:49.233Z", "expires_at": "2023-09-09T22:36:49Z"}}, {"model": "token_blacklist.outstandingtoken", "pk": 103, "fields": {"user": 1, "jti": "a22948b28b5f4e65b4fdef75ba28801f", "token": "eyJhbGciOiJIUzI1NiIsInR5cCI6IkpXVCJ9.eyJ0b2tlbl90eXBlIjoicmVmcmVzaCIsImV4cCI6MTY5NDI5OTA4MSwiaWF0IjoxNjg2NTIzMDgxLCJqdGkiOiJhMjI5NDhiMjhiNWY0ZTY1YjRmZGVmNzViYTI4ODAxZiIsInVzZXJfaWQiOjF9.1sgWPlljxx0rzW7rySkgUUp2m2eZZxS0Xzz8CxzIirw", "created_at": "2023-06-11T22:38:01.583Z", "expires_at": "2023-09-09T22:38:01Z"}}, {"model": "token_blacklist.outstandingtoken", "pk": 104, "fields": {"user": 1, "jti": "33065dda606d4c80834f0d34ea01b881", "token": "eyJhbGciOiJIUzI1NiIsInR5cCI6IkpXVCJ9.eyJ0b2tlbl90eXBlIjoicmVmcmVzaCIsImV4cCI6MTY5NDI5OTEwMCwiaWF0IjoxNjg2NTIzMTAwLCJqdGkiOiIzMzA2NWRkYTYwNmQ0YzgwODM0ZjBkMzRlYTAxYjg4MSIsInVzZXJfaWQiOjF9.UQaTzRK2GE3LKhDaVkc2PnVF-6qaBT5ovN-YYZcDyio", "created_at": "2023-06-11T22:38:20.133Z", "expires_at": "2023-09-09T22:38:20Z"}}, {"model": "token_blacklist.outstandingtoken", "pk": 105, "fields": {"user": 1, "jti": "8d06b3b2c9174c4686fd8d1b87d2bdb8", "token": "eyJhbGciOiJIUzI1NiIsInR5cCI6IkpXVCJ9.eyJ0b2tlbl90eXBlIjoicmVmcmVzaCIsImV4cCI6MTY5NDI5OTY2MywiaWF0IjoxNjg2NTIzNjYzLCJqdGkiOiI4ZDA2YjNiMmM5MTc0YzQ2ODZmZDhkMWI4N2QyYmRiOCIsInVzZXJfaWQiOjF9.E7HuX5kJx9cQaLiauOhW3Rw90hl-V36-mnOUNXWFs1E", "created_at": "2023-06-11T22:47:43.248Z", "expires_at": "2023-09-09T22:47:43Z"}}, {"model": "token_blacklist.outstandingtoken", "pk": 106, "fields": {"user": 1, "jti": "4bdf23d75af4460085f3905d156a3a77", "token": "eyJhbGciOiJIUzI1NiIsInR5cCI6IkpXVCJ9.eyJ0b2tlbl90eXBlIjoicmVmcmVzaCIsImV4cCI6MTY5NDI5OTgxNCwiaWF0IjoxNjg2NTIzODE0LCJqdGkiOiI0YmRmMjNkNzVhZjQ0NjAwODVmMzkwNWQxNTZhM2E3NyIsInVzZXJfaWQiOjF9.TcAShc-1dwmznSu2h5K5RQs5MqutLqhHmvLFdn7IkyA", "created_at": "2023-06-11T22:50:14.017Z", "expires_at": "2023-09-09T22:50:14Z"}}, {"model": "token_blacklist.outstandingtoken", "pk": 107, "fields": {"user": 1, "jti": "3cd24b05558146deb552019b70eb03e1", "token": "eyJhbGciOiJIUzI1NiIsInR5cCI6IkpXVCJ9.eyJ0b2tlbl90eXBlIjoicmVmcmVzaCIsImV4cCI6MTY5NDI5OTkwNywiaWF0IjoxNjg2NTIzOTA3LCJqdGkiOiIzY2QyNGIwNTU1ODE0NmRlYjU1MjAxOWI3MGViMDNlMSIsInVzZXJfaWQiOjF9.XKIs3eNqswo3RuFyP_Y1hkJJ5llJyOpjLccBtnW3yG4", "created_at": "2023-06-11T22:51:47.996Z", "expires_at": "2023-09-09T22:51:47Z"}}, {"model": "token_blacklist.outstandingtoken", "pk": 108, "fields": {"user": 1, "jti": "36421806f4b241d694c9783141f53caa", "token": "eyJhbGciOiJIUzI1NiIsInR5cCI6IkpXVCJ9.eyJ0b2tlbl90eXBlIjoicmVmcmVzaCIsImV4cCI6MTY5NDI5OTk5MCwiaWF0IjoxNjg2NTIzOTkwLCJqdGkiOiIzNjQyMTgwNmY0YjI0MWQ2OTRjOTc4MzE0MWY1M2NhYSIsInVzZXJfaWQiOjF9.onL4NsGHdlSZgrHzq0YSShihoySJ2khgHEq4oy4OUsE", "created_at": "2023-06-11T22:53:10.069Z", "expires_at": "2023-09-09T22:53:10Z"}}, {"model": "token_blacklist.outstandingtoken", "pk": 109, "fields": {"user": 1, "jti": "c3f3e60193dd40cd92e0d5dae07d5cb1", "token": "eyJhbGciOiJIUzI1NiIsInR5cCI6IkpXVCJ9.eyJ0b2tlbl90eXBlIjoicmVmcmVzaCIsImV4cCI6MTY5NDMwMDM3OCwiaWF0IjoxNjg2NTI0Mzc4LCJqdGkiOiJjM2YzZTYwMTkzZGQ0MGNkOTJlMGQ1ZGFlMDdkNWNiMSIsInVzZXJfaWQiOjF9.ABlxsqMoYUOiYPQo7ydB42CxsiosnEJXGLVbg4aXKaQ", "created_at": "2023-06-11T22:59:38.802Z", "expires_at": "2023-09-09T22:59:38Z"}}, {"model": "token_blacklist.outstandingtoken", "pk": 110, "fields": {"user": 1, "jti": "9164bedabdb44bc7aba3a46ec78b80c8", "token": "eyJhbGciOiJIUzI1NiIsInR5cCI6IkpXVCJ9.eyJ0b2tlbl90eXBlIjoicmVmcmVzaCIsImV4cCI6MTY5NDMwMDM5OCwiaWF0IjoxNjg2NTI0Mzk4LCJqdGkiOiI5MTY0YmVkYWJkYjQ0YmM3YWJhM2E0NmVjNzhiODBjOCIsInVzZXJfaWQiOjF9.OEHQPo22sBaclIBtX6q91FUVGP3hbYS-wrj5t_3U_34", "created_at": "2023-06-11T22:59:58.112Z", "expires_at": "2023-09-09T22:59:58Z"}}, {"model": "token_blacklist.outstandingtoken", "pk": 111, "fields": {"user": null, "jti": "ec5063fbfaec4aa7aaea92bbfb4083dd", "token": "eyJhbGciOiJIUzI1NiIsInR5cCI6IkpXVCJ9.eyJ0b2tlbl90eXBlIjoicmVmcmVzaCIsImV4cCI6MTY5NDMwMDY4NiwiaWF0IjoxNjg2NTI0Njg2LCJqdGkiOiJlYzUwNjNmYmZhZWM0YWE3YWFlYTkyYmJmYjQwODNkZCIsInVzZXJfaWQiOjJ9.ex4LtD7du86NuY-KkCghLtvxqmQLCvMQ8adFYayBBd0", "created_at": "2023-06-11T23:04:46.188Z", "expires_at": "2023-09-09T23:04:46Z"}}, {"model": "token_blacklist.outstandingtoken", "pk": 112, "fields": {"user": 1, "jti": "4bc6c384d8c44f3abdc78e79b6cc7be4", "token": "eyJhbGciOiJIUzI1NiIsInR5cCI6IkpXVCJ9.eyJ0b2tlbl90eXBlIjoicmVmcmVzaCIsImV4cCI6MTY5NDMwMTIyMCwiaWF0IjoxNjg2NTI1MjIwLCJqdGkiOiI0YmM2YzM4NGQ4YzQ0ZjNhYmRjNzhlNzliNmNjN2JlNCIsInVzZXJfaWQiOjF9.xkU_D5RaUXePSHofgY044lcKmuELnxOmckL1H1_eGfQ", "created_at": "2023-06-11T23:13:40.145Z", "expires_at": "2023-09-09T23:13:40Z"}}, {"model": "token_blacklist.outstandingtoken", "pk": 113, "fields": {"user": 1, "jti": "4cf29e99e4ef41a58d53dbb7cb9a4095", "token": "eyJhbGciOiJIUzI1NiIsInR5cCI6IkpXVCJ9.eyJ0b2tlbl90eXBlIjoicmVmcmVzaCIsImV4cCI6MTY5NDMwMTQ5MiwiaWF0IjoxNjg2NTI1NDkyLCJqdGkiOiI0Y2YyOWU5OWU0ZWY0MWE1OGQ1M2RiYjdjYjlhNDA5NSIsInVzZXJfaWQiOjF9.JlLEVS0v0r1Dpks5kdH0WECaTOEk1ThHisdtJJTH1OI", "created_at": "2023-06-11T23:18:12.919Z", "expires_at": "2023-09-09T23:18:12Z"}}, {"model": "token_blacklist.outstandingtoken", "pk": 114, "fields": {"user": 1, "jti": "5b5a0b3e031a4621b549afdc0b45112c", "token": "eyJhbGciOiJIUzI1NiIsInR5cCI6IkpXVCJ9.eyJ0b2tlbl90eXBlIjoicmVmcmVzaCIsImV4cCI6MTY5NDMxMzU4MywiaWF0IjoxNjg2NTM3NTgzLCJqdGkiOiI1YjVhMGIzZTAzMWE0NjIxYjU0OWFmZGMwYjQ1MTEyYyIsInVzZXJfaWQiOjF9.uSG3U8stt4KWoAWn6Ad9O8y43AkQeCAkYiTj0nAKNMs", "created_at": "2023-06-12T02:39:43.213Z", "expires_at": "2023-09-10T02:39:43Z"}}, {"model": "token_blacklist.outstandingtoken", "pk": 115, "fields": {"user": null, "jti": "a6356397ccc141e096ad0679880d5dfe", "token": "eyJhbGciOiJIUzI1NiIsInR5cCI6IkpXVCJ9.eyJ0b2tlbl90eXBlIjoicmVmcmVzaCIsImV4cCI6MTY5NDMxNDI2OCwiaWF0IjoxNjg2NTM4MjY4LCJqdGkiOiJhNjM1NjM5N2NjYzE0MWUwOTZhZDA2Nzk4ODBkNWRmZSIsInVzZXJfaWQiOjJ9.EDabKHEJwWZzRcs7KXHDXx_2V15Hz2bKaBXO4CBIsOg", "created_at": "2023-06-12T02:51:08.667Z", "expires_at": "2023-09-10T02:51:08Z"}}, {"model": "token_blacklist.outstandingtoken", "pk": 116, "fields": {"user": null, "jti": "2a724e1448a3499298e727686c91b9cb", "token": "eyJhbGciOiJIUzI1NiIsInR5cCI6IkpXVCJ9.eyJ0b2tlbl90eXBlIjoicmVmcmVzaCIsImV4cCI6MTY5NDMxNDU2NiwiaWF0IjoxNjg2NTM4NTY2LCJqdGkiOiIyYTcyNGUxNDQ4YTM0OTkyOThlNzI3Njg2YzkxYjljYiIsInVzZXJfaWQiOjJ9.WyHw2qfdbc1afuw4wjMNTlY9_l3zZMI20Nok7x3b8zw", "created_at": "2023-06-12T02:56:06.466Z", "expires_at": "2023-09-10T02:56:06Z"}}, {"model": "token_blacklist.outstandingtoken", "pk": 117, "fields": {"user": null, "jti": "31d49e719de9419d80b86357500e8dd0", "token": "eyJhbGciOiJIUzI1NiIsInR5cCI6IkpXVCJ9.eyJ0b2tlbl90eXBlIjoicmVmcmVzaCIsImV4cCI6MTY5NDMxNzk4OSwiaWF0IjoxNjg2NTQxOTg5LCJqdGkiOiIzMWQ0OWU3MTlkZTk0MTlkODBiODYzNTc1MDBlOGRkMCIsInVzZXJfaWQiOjJ9.0KYWPosvVP53UpG_VHOQa8kqCIDiVqLX2nn-LVWjL4w", "created_at": "2023-06-12T03:53:09.569Z", "expires_at": "2023-09-10T03:53:09Z"}}, {"model": "token_blacklist.outstandingtoken", "pk": 118, "fields": {"user": null, "jti": "fea501f2a205467192c7c6b2d6bd8202", "token": "eyJhbGciOiJIUzI1NiIsInR5cCI6IkpXVCJ9.eyJ0b2tlbl90eXBlIjoicmVmcmVzaCIsImV4cCI6MTY5NDMxODA0MSwiaWF0IjoxNjg2NTQyMDQxLCJqdGkiOiJmZWE1MDFmMmEyMDU0NjcxOTJjN2M2YjJkNmJkODIwMiIsInVzZXJfaWQiOjJ9.iqy6ONzAt1nOvNYBVthZ2x0fchuGFfUvk24VtXTYefU", "created_at": "2023-06-12T03:54:01.568Z", "expires_at": "2023-09-10T03:54:01Z"}}, {"model": "token_blacklist.outstandingtoken", "pk": 119, "fields": {"user": null, "jti": "3f08a492080141999500e97eaf04a914", "token": "eyJhbGciOiJIUzI1NiIsInR5cCI6IkpXVCJ9.eyJ0b2tlbl90eXBlIjoicmVmcmVzaCIsImV4cCI6MTY5NDMxODA4MywiaWF0IjoxNjg2NTQyMDgzLCJqdGkiOiIzZjA4YTQ5MjA4MDE0MTk5OTUwMGU5N2VhZjA0YTkxNCIsInVzZXJfaWQiOjJ9.KE48JYNSYArKREq5qtAorEMKjuIcGRZ-LOW_zIbdg2k", "created_at": "2023-06-12T03:54:43.855Z", "expires_at": "2023-09-10T03:54:43Z"}}, {"model": "token_blacklist.outstandingtoken", "pk": 120, "fields": {"user": null, "jti": "7930eedddb6949d8a4e893faa1a27558", "token": "eyJhbGciOiJIUzI1NiIsInR5cCI6IkpXVCJ9.eyJ0b2tlbl90eXBlIjoicmVmcmVzaCIsImV4cCI6MTY5NDMxODE2NSwiaWF0IjoxNjg2NTQyMTY1LCJqdGkiOiI3OTMwZWVkZGRiNjk0OWQ4YTRlODkzZmFhMWEyNzU1OCIsInVzZXJfaWQiOjJ9.feWimnKNf7LmL6VPlQhBmLlARrITWVb0gpVW2x1AJ_U", "created_at": "2023-06-12T03:56:05.677Z", "expires_at": "2023-09-10T03:56:05Z"}}, {"model": "token_blacklist.outstandingtoken", "pk": 121, "fields": {"user": null, "jti": "e9c935b9ef9e40709c864c18db918286", "token": "eyJhbGciOiJIUzI1NiIsInR5cCI6IkpXVCJ9.eyJ0b2tlbl90eXBlIjoicmVmcmVzaCIsImV4cCI6MTY5NDMxODc2MiwiaWF0IjoxNjg2NTQyNzYyLCJqdGkiOiJlOWM5MzViOWVmOWU0MDcwOWM4NjRjMThkYjkxODI4NiIsInVzZXJfaWQiOjJ9.0GvI8B5qkFWhw70k8g1F1rkpEMLn8YkkqrKTy9KeXwo", "created_at": "2023-06-12T04:06:02.586Z", "expires_at": "2023-09-10T04:06:02Z"}}, {"model": "token_blacklist.outstandingtoken", "pk": 122, "fields": {"user": null, "jti": "4c5a801887af4b0086e41e73532b91cf", "token": "eyJhbGciOiJIUzI1NiIsInR5cCI6IkpXVCJ9.eyJ0b2tlbl90eXBlIjoicmVmcmVzaCIsImV4cCI6MTY5NDMxODgzMywiaWF0IjoxNjg2NTQyODMzLCJqdGkiOiI0YzVhODAxODg3YWY0YjAwODZlNDFlNzM1MzJiOTFjZiIsInVzZXJfaWQiOjJ9.1xAvcpl1wrRodORDWOJoVfkTPb-CxckJj2IXLXc7G8c", "created_at": "2023-06-12T04:07:13.240Z", "expires_at": "2023-09-10T04:07:13Z"}}, {"model": "token_blacklist.outstandingtoken", "pk": 123, "fields": {"user": null, "jti": "2e4ae3faeb19414fa6fcffea1b6b285b", "token": "eyJhbGciOiJIUzI1NiIsInR5cCI6IkpXVCJ9.eyJ0b2tlbl90eXBlIjoicmVmcmVzaCIsImV4cCI6MTY5NDMyMjA4OCwiaWF0IjoxNjg2NTQ2MDg4LCJqdGkiOiIyZTRhZTNmYWViMTk0MTRmYTZmY2ZmZWExYjZiMjg1YiIsInVzZXJfaWQiOjJ9.79YlTaUsw8aFFkD7LJwjTqZHQmRgPKIJQQOLC86HKAI", "created_at": "2023-06-12T05:01:28.746Z", "expires_at": "2023-09-10T05:01:28Z"}}, {"model": "token_blacklist.outstandingtoken", "pk": 124, "fields": {"user": null, "jti": "832b5f36bf9e437f995aeb6d75bd8164", "token": "eyJhbGciOiJIUzI1NiIsInR5cCI6IkpXVCJ9.eyJ0b2tlbl90eXBlIjoicmVmcmVzaCIsImV4cCI6MTY5NDMyMzM5MywiaWF0IjoxNjg2NTQ3MzkzLCJqdGkiOiI4MzJiNWYzNmJmOWU0MzdmOTk1YWViNmQ3NWJkODE2NCIsInVzZXJfaWQiOjJ9.V_ntxbpufn-0UMcIyr9vrX0a4BpvOD1kcCiX_60kdoE", "created_at": "2023-06-12T05:23:13.611Z", "expires_at": "2023-09-10T05:23:13Z"}}, {"model": "token_blacklist.outstandingtoken", "pk": 125, "fields": {"user": null, "jti": "de60a7a9a8974ed6a70298d46bebca51", "token": "eyJhbGciOiJIUzI1NiIsInR5cCI6IkpXVCJ9.eyJ0b2tlbl90eXBlIjoicmVmcmVzaCIsImV4cCI6MTY5NDMyMzY2OCwiaWF0IjoxNjg2NTQ3NjY4LCJqdGkiOiJkZTYwYTdhOWE4OTc0ZWQ2YTcwMjk4ZDQ2YmViY2E1MSIsInVzZXJfaWQiOjJ9.yWTIittk1gI25mN3LQWBW1aANZ21WA6qJh_5m1hFTzk", "created_at": "2023-06-12T05:27:48.084Z", "expires_at": "2023-09-10T05:27:48Z"}}, {"model": "token_blacklist.outstandingtoken", "pk": 126, "fields": {"user": null, "jti": "68a4b612aed44fa6ac09ac645b607088", "token": "eyJhbGciOiJIUzI1NiIsInR5cCI6IkpXVCJ9.eyJ0b2tlbl90eXBlIjoicmVmcmVzaCIsImV4cCI6MTY5NDMyNDg1OCwiaWF0IjoxNjg2NTQ4ODU4LCJqdGkiOiI2OGE0YjYxMmFlZDQ0ZmE2YWMwOWFjNjQ1YjYwNzA4OCIsInVzZXJfaWQiOjJ9.jgaHZxG3WAdyCHpaSJWbJ05vw8O7ZjmIGf-erQdm_lo", "created_at": "2023-06-12T05:47:38.625Z", "expires_at": "2023-09-10T05:47:38Z"}}, {"model": "token_blacklist.outstandingtoken", "pk": 127, "fields": {"user": 1, "jti": "e052e304399b4e55a29b95eff1945c95", "token": "eyJhbGciOiJIUzI1NiIsInR5cCI6IkpXVCJ9.eyJ0b2tlbl90eXBlIjoicmVmcmVzaCIsImV4cCI6MTY5NDMyNDkyNywiaWF0IjoxNjg2NTQ4OTI3LCJqdGkiOiJlMDUyZTMwNDM5OWI0ZTU1YTI5Yjk1ZWZmMTk0NWM5NSIsInVzZXJfaWQiOjF9.fn-Bao56wbjb4N1nQoxilUjWuNWaW2fzcHtmirdeNsM", "created_at": "2023-06-12T05:48:47.252Z", "expires_at": "2023-09-10T05:48:47Z"}}, {"model": "token_blacklist.outstandingtoken", "pk": 128, "fields": {"user": 1, "jti": "1f6811c05abd4d00921f5eef364e03e4", "token": "eyJhbGciOiJIUzI1NiIsInR5cCI6IkpXVCJ9.eyJ0b2tlbl90eXBlIjoicmVmcmVzaCIsImV4cCI6MTY5NDMyNDk5MCwiaWF0IjoxNjg2NTQ4OTkwLCJqdGkiOiIxZjY4MTFjMDVhYmQ0ZDAwOTIxZjVlZWYzNjRlMDNlNCIsInVzZXJfaWQiOjF9.0xz8Y4a-RkO-gZs38Nd-qFp5Nr926UN5KJYjOcxPiXo", "created_at": "2023-06-12T05:49:50.244Z", "expires_at": "2023-09-10T05:49:50Z"}}, {"model": "token_blacklist.outstandingtoken", "pk": 129, "fields": {"user": 1, "jti": "b74a9829d49b4c0c9e059dd5e3f45bae", "token": "eyJhbGciOiJIUzI1NiIsInR5cCI6IkpXVCJ9.eyJ0b2tlbl90eXBlIjoicmVmcmVzaCIsImV4cCI6MTY5NDMyNTE1MCwiaWF0IjoxNjg2NTQ5MTUwLCJqdGkiOiJiNzRhOTgyOWQ0OWI0YzBjOWUwNTlkZDVlM2Y0NWJhZSIsInVzZXJfaWQiOjF9.dWRKXOG1N62TmRyKhDzoOwqFYhPYfmGWpKrIUyVTqm4", "created_at": "2023-06-12T05:52:30.876Z", "expires_at": "2023-09-10T05:52:30Z"}}, {"model": "token_blacklist.outstandingtoken", "pk": 130, "fields": {"user": null, "jti": "17aac404398c4a04b731e09cdca27ca3", "token": "eyJhbGciOiJIUzI1NiIsInR5cCI6IkpXVCJ9.eyJ0b2tlbl90eXBlIjoicmVmcmVzaCIsImV4cCI6MTY5NDMyNTIxNiwiaWF0IjoxNjg2NTQ5MjE2LCJqdGkiOiIxN2FhYzQwNDM5OGM0YTA0YjczMWUwOWNkY2EyN2NhMyIsInVzZXJfaWQiOjJ9.p25Pshy5qgfxS-4kvruzeJuom13pkJT5lLZfewHUJEk", "created_at": "2023-06-12T05:53:36.403Z", "expires_at": "2023-09-10T05:53:36Z"}}, {"model": "token_blacklist.outstandingtoken", "pk": 131, "fields": {"user": 1, "jti": "4c9c0b9689d14665ba84af4a0f34dd17", "token": "eyJhbGciOiJIUzI1NiIsInR5cCI6IkpXVCJ9.eyJ0b2tlbl90eXBlIjoicmVmcmVzaCIsImV4cCI6MTY5NDMyNTIzMCwiaWF0IjoxNjg2NTQ5MjMwLCJqdGkiOiI0YzljMGI5Njg5ZDE0NjY1YmE4NGFmNGEwZjM0ZGQxNyIsInVzZXJfaWQiOjF9.yZRwvJhY3ZYFfFWfHHoXS1pHCEijPT6dMJ4_YnuGPls", "created_at": "2023-06-12T05:53:50.371Z", "expires_at": "2023-09-10T05:53:50Z"}}, {"model": "token_blacklist.outstandingtoken", "pk": 132, "fields": {"user": null, "jti": "3b30ad77310244d2af59884aa244205c", "token": "eyJhbGciOiJIUzI1NiIsInR5cCI6IkpXVCJ9.eyJ0b2tlbl90eXBlIjoicmVmcmVzaCIsImV4cCI6MTY5NDMyNTMwOSwiaWF0IjoxNjg2NTQ5MzA5LCJqdGkiOiIzYjMwYWQ3NzMxMDI0NGQyYWY1OTg4NGFhMjQ0MjA1YyIsInVzZXJfaWQiOjJ9.AAeQwcpnlckHWLLZg2GsFvdPLwYsqfipOm-eIGOjFG4", "created_at": "2023-06-12T05:55:09.338Z", "expires_at": "2023-09-10T05:55:09Z"}}, {"model": "token_blacklist.outstandingtoken", "pk": 133, "fields": {"user": null, "jti": "aa36c2ba568d47ab9d0fb7db5d82700a", "token": "eyJhbGciOiJIUzI1NiIsInR5cCI6IkpXVCJ9.eyJ0b2tlbl90eXBlIjoicmVmcmVzaCIsImV4cCI6MTY5NDMyNTUxNCwiaWF0IjoxNjg2NTQ5NTE0LCJqdGkiOiJhYTM2YzJiYTU2OGQ0N2FiOWQwZmI3ZGI1ZDgyNzAwYSIsInVzZXJfaWQiOjJ9.4X_7-jFzr3Bf3PA5yuXzMKchchatmJFGcVEPJmGt8NM", "created_at": "2023-06-12T05:58:34.856Z", "expires_at": "2023-09-10T05:58:34Z"}}, {"model": "token_blacklist.outstandingtoken", "pk": 134, "fields": {"user": null, "jti": "b2fbcdfca9644baa9b2adcd7c63c4946", "token": "eyJhbGciOiJIUzI1NiIsInR5cCI6IkpXVCJ9.eyJ0b2tlbl90eXBlIjoicmVmcmVzaCIsImV4cCI6MTY5NDMyNzk5OSwiaWF0IjoxNjg2NTUxOTk5LCJqdGkiOiJiMmZiY2RmY2E5NjQ0YmFhOWIyYWRjZDdjNjNjNDk0NiIsInVzZXJfaWQiOjJ9.eNiXa_nbE4A_PNYWYFVOGfh5CJZkYS7AqQkyJYbPPU8", "created_at": "2023-06-12T06:39:59.323Z", "expires_at": "2023-09-10T06:39:59Z"}}, {"model": "token_blacklist.outstandingtoken", "pk": 135, "fields": {"user": null, "jti": "5fe5d8f265004a989c41e9840ff4c436", "token": "eyJhbGciOiJIUzI1NiIsInR5cCI6IkpXVCJ9.eyJ0b2tlbl90eXBlIjoicmVmcmVzaCIsImV4cCI6MTY5NDMzMTQ4NCwiaWF0IjoxNjg2NTU1NDg0LCJqdGkiOiI1ZmU1ZDhmMjY1MDA0YTk4OWM0MWU5ODQwZmY0YzQzNiIsInVzZXJfaWQiOjJ9.TmclzdmSql3GrMaIXIC0-OzyobQRKB3ZNVR5K4DfH9k", "created_at": "2023-06-12T07:38:04.827Z", "expires_at": "2023-09-10T07:38:04Z"}}, {"model": "token_blacklist.outstandingtoken", "pk": 136, "fields": {"user": null, "jti": "5b5511f3fe4242cdad888d537a82372c", "token": "eyJhbGciOiJIUzI1NiIsInR5cCI6IkpXVCJ9.eyJ0b2tlbl90eXBlIjoicmVmcmVzaCIsImV4cCI6MTY5NDMzMTUzNywiaWF0IjoxNjg2NTU1NTM3LCJqdGkiOiI1YjU1MTFmM2ZlNDI0MmNkYWQ4ODhkNTM3YTgyMzcyYyIsInVzZXJfaWQiOjJ9.DjJnmZboFFuAcfKWqxi97uB4V37BWftv77beBKY8Gx4", "created_at": "2023-06-12T07:38:57.075Z", "expires_at": "2023-09-10T07:38:57Z"}}, {"model": "token_blacklist.outstandingtoken", "pk": 137, "fields": {"user": null, "jti": "aaec4c251f494bb085a18db3829f9af2", "token": "eyJhbGciOiJIUzI1NiIsInR5cCI6IkpXVCJ9.eyJ0b2tlbl90eXBlIjoicmVmcmVzaCIsImV4cCI6MTY5NDMzMTU3OCwiaWF0IjoxNjg2NTU1NTc4LCJqdGkiOiJhYWVjNGMyNTFmNDk0YmIwODVhMThkYjM4MjlmOWFmMiIsInVzZXJfaWQiOjJ9.-TdSNA2B4-WvzXdy2BwRjz6dC4z9oJMm874jspOU_V4", "created_at": "2023-06-12T07:39:38.547Z", "expires_at": "2023-09-10T07:39:38Z"}}, {"model": "token_blacklist.outstandingtoken", "pk": 138, "fields": {"user": 1, "jti": "2cf65c20769b4e24bab763829873a5e1", "token": "eyJhbGciOiJIUzI1NiIsInR5cCI6IkpXVCJ9.eyJ0b2tlbl90eXBlIjoicmVmcmVzaCIsImV4cCI6MTY5NDMzMjc5NywiaWF0IjoxNjg2NTU2Nzk3LCJqdGkiOiIyY2Y2NWMyMDc2OWI0ZTI0YmFiNzYzODI5ODczYTVlMSIsInVzZXJfaWQiOjF9.GUBxc6wWVFzWaAF-kVjwfF6Vjd4oq8wcOIIqMEj5qYw", "created_at": "2023-06-12T07:59:57.216Z", "expires_at": "2023-09-10T07:59:57Z"}}, {"model": "token_blacklist.outstandingtoken", "pk": 139, "fields": {"user": null, "jti": "9fd2164be66c48f9b1ed8377f44000f2", "token": "eyJhbGciOiJIUzI1NiIsInR5cCI6IkpXVCJ9.eyJ0b2tlbl90eXBlIjoicmVmcmVzaCIsImV4cCI6MTY5NDMzMzAxOSwiaWF0IjoxNjg2NTU3MDE5LCJqdGkiOiI5ZmQyMTY0YmU2NmM0OGY5YjFlZDgzNzdmNDQwMDBmMiIsInVzZXJfaWQiOjJ9.8yCq3SREMbSVZsQjM96cR9JHP7J3UGRVuXRZKbt4r1g", "created_at": "2023-06-12T08:03:39.828Z", "expires_at": "2023-09-10T08:03:39Z"}}, {"model": "token_blacklist.outstandingtoken", "pk": 140, "fields": {"user": null, "jti": "31c7c939b59248f3a51e76219c71260e", "token": "eyJhbGciOiJIUzI1NiIsInR5cCI6IkpXVCJ9.eyJ0b2tlbl90eXBlIjoicmVmcmVzaCIsImV4cCI6MTY5NDMzMzQ2MSwiaWF0IjoxNjg2NTU3NDYxLCJqdGkiOiIzMWM3YzkzOWI1OTI0OGYzYTUxZTc2MjE5YzcxMjYwZSIsInVzZXJfaWQiOjJ9.7AhLUbDwLd7sDfIRfC5GvEOBU6RAuaoPtLezOnbbLLI", "created_at": "2023-06-12T08:11:01.848Z", "expires_at": "2023-09-10T08:11:01Z"}}, {"model": "token_blacklist.outstandingtoken", "pk": 141, "fields": {"user": 1, "jti": "c6a7ba4ee9cb4cf68b24d04ab8798600", "token": "eyJhbGciOiJIUzI1NiIsInR5cCI6IkpXVCJ9.eyJ0b2tlbl90eXBlIjoicmVmcmVzaCIsImV4cCI6MTY5NDMzMzg1MywiaWF0IjoxNjg2NTU3ODUzLCJqdGkiOiJjNmE3YmE0ZWU5Y2I0Y2Y2OGIyNGQwNGFiODc5ODYwMCIsInVzZXJfaWQiOjF9.-CCPGvkk7GskLZaTGbcf3u-cT4JzrzKgT6aB3v6hWXo", "created_at": "2023-06-12T08:17:33.738Z", "expires_at": "2023-09-10T08:17:33Z"}}, {"model": "token_blacklist.outstandingtoken", "pk": 142, "fields": {"user": null, "jti": "b50790541c1a489a8124619bf06bc751", "token": "eyJhbGciOiJIUzI1NiIsInR5cCI6IkpXVCJ9.eyJ0b2tlbl90eXBlIjoicmVmcmVzaCIsImV4cCI6MTY5NDMzNDE0MywiaWF0IjoxNjg2NTU4MTQzLCJqdGkiOiJiNTA3OTA1NDFjMWE0ODlhODEyNDYxOWJmMDZiYzc1MSIsInVzZXJfaWQiOjJ9.nsll36n8Xsj9IPda_C4v0Us2nxMya4ndzls4dnsP4o8", "created_at": "2023-06-12T08:22:23.713Z", "expires_at": "2023-09-10T08:22:23Z"}}, {"model": "token_blacklist.outstandingtoken", "pk": 143, "fields": {"user": null, "jti": "ec2b8136f8bb42b990182663cc297f0c", "token": "eyJhbGciOiJIUzI1NiIsInR5cCI6IkpXVCJ9.eyJ0b2tlbl90eXBlIjoicmVmcmVzaCIsImV4cCI6MTY5NDMzNDQyMCwiaWF0IjoxNjg2NTU4NDIwLCJqdGkiOiJlYzJiODEzNmY4YmI0MmI5OTAxODI2NjNjYzI5N2YwYyIsInVzZXJfaWQiOjJ9.ck0VAdi9GM5BTkt2s-uEvYnXKd8WrscdzXiHT9TSz_I", "created_at": "2023-06-12T08:27:00.426Z", "expires_at": "2023-09-10T08:27:00Z"}}, {"model": "token_blacklist.outstandingtoken", "pk": 144, "fields": {"user": null, "jti": "17d5b4e966834f4f94a3e5a8ebdb4c96", "token": "eyJhbGciOiJIUzI1NiIsInR5cCI6IkpXVCJ9.eyJ0b2tlbl90eXBlIjoicmVmcmVzaCIsImV4cCI6MTY5NDMzNzQwMiwiaWF0IjoxNjg2NTYxNDAyLCJqdGkiOiIxN2Q1YjRlOTY2ODM0ZjRmOTRhM2U1YThlYmRiNGM5NiIsInVzZXJfaWQiOjJ9.ivb1qtxqqFpEWqCRGUA3x22FlI0PoR9C2FRNfRetCtw", "created_at": "2023-06-12T09:16:42.527Z", "expires_at": "2023-09-10T09:16:42Z"}}, {"model": "token_blacklist.outstandingtoken", "pk": 145, "fields": {"user": null, "jti": "447153f58cb54540a2695c9bf5a43529", "token": "eyJhbGciOiJIUzI1NiIsInR5cCI6IkpXVCJ9.eyJ0b2tlbl90eXBlIjoicmVmcmVzaCIsImV4cCI6MTY5NDM0MDU1OSwiaWF0IjoxNjg2NTY0NTU5LCJqdGkiOiI0NDcxNTNmNThjYjU0NTQwYTI2OTVjOWJmNWE0MzUyOSIsInVzZXJfaWQiOjJ9.kwu1rVd8F-vKkC69Wh7hwdvI3cRPrh8r8Kvipa2cCsA", "created_at": "2023-06-12T10:09:19.009Z", "expires_at": "2023-09-10T10:09:19Z"}}, {"model": "token_blacklist.outstandingtoken", "pk": 146, "fields": {"user": 1, "jti": "43f1a14b2c7c491287fd7be2c0c39def", "token": "eyJhbGciOiJIUzI1NiIsInR5cCI6IkpXVCJ9.eyJ0b2tlbl90eXBlIjoicmVmcmVzaCIsImV4cCI6MTY5NDM0MDY0MywiaWF0IjoxNjg2NTY0NjQzLCJqdGkiOiI0M2YxYTE0YjJjN2M0OTEyODdmZDdiZTJjMGMzOWRlZiIsInVzZXJfaWQiOjF9.KC5lOSbCsipeOSUJX2bRaf6hYKhLLCGiMNN7WZVgQPQ", "created_at": "2023-06-12T10:10:43.063Z", "expires_at": "2023-09-10T10:10:43Z"}}, {"model": "token_blacklist.outstandingtoken", "pk": 147, "fields": {"user": null, "jti": "6462e966fd8c4d00a7a98e0a5c906c18", "token": "eyJhbGciOiJIUzI1NiIsInR5cCI6IkpXVCJ9.eyJ0b2tlbl90eXBlIjoicmVmcmVzaCIsImV4cCI6MTY5NDM0MDcyOCwiaWF0IjoxNjg2NTY0NzI4LCJqdGkiOiI2NDYyZTk2NmZkOGM0ZDAwYTdhOThlMGE1YzkwNmMxOCIsInVzZXJfaWQiOjJ9.SlQu3XkPppdsmBI3Eu6O2WLSnk-vQ-wYbRSKhO1K_w0", "created_at": "2023-06-12T10:12:08.168Z", "expires_at": "2023-09-10T10:12:08Z"}}, {"model": "token_blacklist.outstandingtoken", "pk": 148, "fields": {"user": null, "jti": "d1587a8897a44ead80df4be24c62d6b9", "token": "eyJhbGciOiJIUzI1NiIsInR5cCI6IkpXVCJ9.eyJ0b2tlbl90eXBlIjoicmVmcmVzaCIsImV4cCI6MTY5NDM0MjgzMCwiaWF0IjoxNjg2NTY2ODMwLCJqdGkiOiJkMTU4N2E4ODk3YTQ0ZWFkODBkZjRiZTI0YzYyZDZiOSIsInVzZXJfaWQiOjJ9.XbJrqZ0a_JZIUofpKEB0ywpKiyDNfaffGI2pfaeNGSA", "created_at": "2023-06-12T10:47:10.933Z", "expires_at": "2023-09-10T10:47:10Z"}}, {"model": "token_blacklist.outstandingtoken", "pk": 149, "fields": {"user": null, "jti": "2b1adc3680d1485590c7aa1aae197161", "token": "eyJhbGciOiJIUzI1NiIsInR5cCI6IkpXVCJ9.eyJ0b2tlbl90eXBlIjoicmVmcmVzaCIsImV4cCI6MTY5NDM0MzAwOCwiaWF0IjoxNjg2NTY3MDA4LCJqdGkiOiIyYjFhZGMzNjgwZDE0ODU1OTBjN2FhMWFhZTE5NzE2MSIsInVzZXJfaWQiOjJ9.4mpL4Bd-0M4lwLdEcyzToLO_QN3YTsuEQ-sqTWieDrQ", "created_at": "2023-06-12T10:50:08.273Z", "expires_at": "2023-09-10T10:50:08Z"}}, {"model": "token_blacklist.outstandingtoken", "pk": 150, "fields": {"user": null, "jti": "dcab60fe490a46999780cbd8d8b39a6a", "token": "eyJhbGciOiJIUzI1NiIsInR5cCI6IkpXVCJ9.eyJ0b2tlbl90eXBlIjoicmVmcmVzaCIsImV4cCI6MTY5NDM0MzEyOCwiaWF0IjoxNjg2NTY3MTI4LCJqdGkiOiJkY2FiNjBmZTQ5MGE0Njk5OTc4MGNiZDhkOGIzOWE2YSIsInVzZXJfaWQiOjJ9.X8eiCmaSb2hJ-_RMR122pXyqlMXTQSsFIFrth6PlSjY", "created_at": "2023-06-12T10:52:08.291Z", "expires_at": "2023-09-10T10:52:08Z"}}, {"model": "token_blacklist.outstandingtoken", "pk": 151, "fields": {"user": 1, "jti": "ad16fb2da50d463597f761a424e7d4f2", "token": "eyJhbGciOiJIUzI1NiIsInR5cCI6IkpXVCJ9.eyJ0b2tlbl90eXBlIjoicmVmcmVzaCIsImV4cCI6MTY5NDM1MTM3MSwiaWF0IjoxNjg2NTc1MzcxLCJqdGkiOiJhZDE2ZmIyZGE1MGQ0NjM1OTdmNzYxYTQyNGU3ZDRmMiIsInVzZXJfaWQiOjF9.mc7IWsonjrEwDh5rtsi0LzTY55iFesdciLmNEbIogic", "created_at": "2023-06-12T13:09:31.415Z", "expires_at": "2023-09-10T13:09:31Z"}}, {"model": "token_blacklist.outstandingtoken", "pk": 152, "fields": {"user": null, "jti": "aa4de695787d44038c8668603d412600", "token": "eyJhbGciOiJIUzI1NiIsInR5cCI6IkpXVCJ9.eyJ0b2tlbl90eXBlIjoicmVmcmVzaCIsImV4cCI6MTY5NDM1MTY0NiwiaWF0IjoxNjg2NTc1NjQ2LCJqdGkiOiJhYTRkZTY5NTc4N2Q0NDAzOGM4NjY4NjAzZDQxMjYwMCIsInVzZXJfaWQiOjJ9.Jt69FVIJdlB-E5SQtrGwezbxA-O9phKmDVpwtoce6Ys", "created_at": "2023-06-12T13:14:06.157Z", "expires_at": "2023-09-10T13:14:06Z"}}, {"model": "token_blacklist.outstandingtoken", "pk": 153, "fields": {"user": null, "jti": "eb6d8e7445b34c83ace9ca9c9b990f60", "token": "eyJhbGciOiJIUzI1NiIsInR5cCI6IkpXVCJ9.eyJ0b2tlbl90eXBlIjoicmVmcmVzaCIsImV4cCI6MTY5NDM1MTkxMiwiaWF0IjoxNjg2NTc1OTEyLCJqdGkiOiJlYjZkOGU3NDQ1YjM0YzgzYWNlOWNhOWM5Yjk5MGY2MCIsInVzZXJfaWQiOjJ9.x7OZkW732P_Nu04--G9DNr5p7Wsq3UbK8jJ5p9NzgHA", "created_at": "2023-06-12T13:18:32.775Z", "expires_at": "2023-09-10T13:18:32Z"}}, {"model": "token_blacklist.outstandingtoken", "pk": 154, "fields": {"user": null, "jti": "2adcd909b2df4beb9dfe96799716cd14", "token": "eyJhbGciOiJIUzI1NiIsInR5cCI6IkpXVCJ9.eyJ0b2tlbl90eXBlIjoicmVmcmVzaCIsImV4cCI6MTY5NDM1MjAwOCwiaWF0IjoxNjg2NTc2MDA4LCJqdGkiOiIyYWRjZDkwOWIyZGY0YmViOWRmZTk2Nzk5NzE2Y2QxNCIsInVzZXJfaWQiOjJ9.Amq7HoYvNebnAs8gs3nu96eN3bM1PGlxELqmzNdRP5c", "created_at": "2023-06-12T13:20:08.972Z", "expires_at": "2023-09-10T13:20:08Z"}}, {"model": "token_blacklist.outstandingtoken", "pk": 155, "fields": {"user": 1, "jti": "a694c1e8d0514f6aa886073798b51b39", "token": "eyJhbGciOiJIUzI1NiIsInR5cCI6IkpXVCJ9.eyJ0b2tlbl90eXBlIjoicmVmcmVzaCIsImV4cCI6MTY5NDM1MjA4NywiaWF0IjoxNjg2NTc2MDg3LCJqdGkiOiJhNjk0YzFlOGQwNTE0ZjZhYTg4NjA3Mzc5OGI1MWIzOSIsInVzZXJfaWQiOjF9.Oxk7qDjObbOSGFbnHPKv2RERrppq6J2sW3DFmUmBW3M", "created_at": "2023-06-12T13:21:27.844Z", "expires_at": "2023-09-10T13:21:27Z"}}, {"model": "token_blacklist.outstandingtoken", "pk": 156, "fields": {"user": null, "jti": "24535107828a463d88a1ffa441344a58", "token": "eyJhbGciOiJIUzI1NiIsInR5cCI6IkpXVCJ9.eyJ0b2tlbl90eXBlIjoicmVmcmVzaCIsImV4cCI6MTY5NDM3NDQ2NiwiaWF0IjoxNjg2NTk4NDY2LCJqdGkiOiIyNDUzNTEwNzgyOGE0NjNkODhhMWZmYTQ0MTM0NGE1OCIsInVzZXJfaWQiOjJ9.uml5Hwwf2Xg6B1aC8qVa8B7V3EfsCf34ZYFMJPZUCDg", "created_at": "2023-06-12T19:34:26.381Z", "expires_at": "2023-09-10T19:34:26Z"}}, {"model": "token_blacklist.outstandingtoken", "pk": 157, "fields": {"user": null, "jti": "5390092bead54a8faff5bbe2d33d30ea", "token": "eyJhbGciOiJIUzI1NiIsInR5cCI6IkpXVCJ9.eyJ0b2tlbl90eXBlIjoicmVmcmVzaCIsImV4cCI6MTY5NDM3NDkwMiwiaWF0IjoxNjg2NTk4OTAyLCJqdGkiOiI1MzkwMDkyYmVhZDU0YThmYWZmNWJiZTJkMzNkMzBlYSIsInVzZXJfaWQiOjJ9.s10sRE8wFWZDhbyuQ7aYk0Yb3JhfkasYxCbJJtzNPFs", "created_at": "2023-06-12T19:41:42.906Z", "expires_at": "2023-09-10T19:41:42Z"}}, {"model": "token_blacklist.outstandingtoken", "pk": 158, "fields": {"user": 1, "jti": "2101d07caf7a4b169da06e7725479c75", "token": "eyJhbGciOiJIUzI1NiIsInR5cCI6IkpXVCJ9.eyJ0b2tlbl90eXBlIjoicmVmcmVzaCIsImV4cCI6MTY5NDM3NDkyNywiaWF0IjoxNjg2NTk4OTI3LCJqdGkiOiIyMTAxZDA3Y2FmN2E0YjE2OWRhMDZlNzcyNTQ3OWM3NSIsInVzZXJfaWQiOjF9.rLD48osJ2Z3saui3c2upgtHokLkVXrHtqVy9xK93Or8", "created_at": "2023-06-12T19:42:07.541Z", "expires_at": "2023-09-10T19:42:07Z"}}, {"model": "token_blacklist.outstandingtoken", "pk": 159, "fields": {"user": null, "jti": "2c52b9862f47462eab0cf58aac1fc8f6", "token": "eyJhbGciOiJIUzI1NiIsInR5cCI6IkpXVCJ9.eyJ0b2tlbl90eXBlIjoicmVmcmVzaCIsImV4cCI6MTY5NDM3NDk2NiwiaWF0IjoxNjg2NTk4OTY2LCJqdGkiOiIyYzUyYjk4NjJmNDc0NjJlYWIwY2Y1OGFhYzFmYzhmNiIsInVzZXJfaWQiOjJ9._orgozmvJyRP6_KazYWbHW5cwi2WBmOvag-lHqHyP_4", "created_at": "2023-06-12T19:42:46.388Z", "expires_at": "2023-09-10T19:42:46Z"}}, {"model": "token_blacklist.outstandingtoken", "pk": 160, "fields": {"user": null, "jti": "ac12665a24e94d50b3f055d58c315e84", "token": "eyJhbGciOiJIUzI1NiIsInR5cCI6IkpXVCJ9.eyJ0b2tlbl90eXBlIjoicmVmcmVzaCIsImV4cCI6MTY5NDM3NTA3NywiaWF0IjoxNjg2NTk5MDc3LCJqdGkiOiJhYzEyNjY1YTI0ZTk0ZDUwYjNmMDU1ZDU4YzMxNWU4NCIsInVzZXJfaWQiOjJ9.Czcl-GCBzZH8sslsTzkhI5t9g277cWxFq64dGuEezpg", "created_at": "2023-06-12T19:44:37.929Z", "expires_at": "2023-09-10T19:44:37Z"}}, {"model": "token_blacklist.outstandingtoken", "pk": 161, "fields": {"user": null, "jti": "fc105496053d4962985041a4d0dd191c", "token": "eyJhbGciOiJIUzI1NiIsInR5cCI6IkpXVCJ9.eyJ0b2tlbl90eXBlIjoicmVmcmVzaCIsImV4cCI6MTY5NDM3NTI4NywiaWF0IjoxNjg2NTk5Mjg3LCJqdGkiOiJmYzEwNTQ5NjA1M2Q0OTYyOTg1MDQxYTRkMGRkMTkxYyIsInVzZXJfaWQiOjJ9.RLvmazk41mxEPJ6m_iZwHxV3gU-S9ORTBXNk0Du2VS8", "created_at": "2023-06-12T19:48:07.407Z", "expires_at": "2023-09-10T19:48:07Z"}}, {"model": "token_blacklist.outstandingtoken", "pk": 162, "fields": {"user": null, "jti": "243dddf0c838406fb183d1bc004fc318", "token": "eyJhbGciOiJIUzI1NiIsInR5cCI6IkpXVCJ9.eyJ0b2tlbl90eXBlIjoicmVmcmVzaCIsImV4cCI6MTY5NDM3Nzg4NywiaWF0IjoxNjg2NjAxODg3LCJqdGkiOiIyNDNkZGRmMGM4Mzg0MDZmYjE4M2QxYmMwMDRmYzMxOCIsInVzZXJfaWQiOjJ9.s22Uh74zk-fyvJa4drUYRLf7bbBbtyR0i-b0F1a0gJM", "created_at": "2023-06-12T20:31:27.613Z", "expires_at": "2023-09-10T20:31:27Z"}}, {"model": "token_blacklist.outstandingtoken", "pk": 163, "fields": {"user": null, "jti": "836f070a18e04e218773d3d164fd6d1f", "token": "eyJhbGciOiJIUzI1NiIsInR5cCI6IkpXVCJ9.eyJ0b2tlbl90eXBlIjoicmVmcmVzaCIsImV4cCI6MTY5NDM4MDAzMywiaWF0IjoxNjg2NjA0MDMzLCJqdGkiOiI4MzZmMDcwYTE4ZTA0ZTIxODc3M2QzZDE2NGZkNmQxZiIsInVzZXJfaWQiOjJ9.JR5otBKs8zQ-quUZRZFMkVBzL9qzHE3RXFXXBEQ0pHA", "created_at": "2023-06-12T21:07:13.841Z", "expires_at": "2023-09-10T21:07:13Z"}}, {"model": "token_blacklist.outstandingtoken", "pk": 164, "fields": {"user": null, "jti": "8041ffe5befd4e2cb03551e16f3bd03d", "token": "eyJhbGciOiJIUzI1NiIsInR5cCI6IkpXVCJ9.eyJ0b2tlbl90eXBlIjoicmVmcmVzaCIsImV4cCI6MTY5NDM4MTI0MywiaWF0IjoxNjg2NjA1MjQzLCJqdGkiOiI4MDQxZmZlNWJlZmQ0ZTJjYjAzNTUxZTE2ZjNiZDAzZCIsInVzZXJfaWQiOjJ9.iC09zQV2slPBFXLWqw08GUXkJgzk6T4HnPeFPZreLdU", "created_at": "2023-06-12T21:27:23.497Z", "expires_at": "2023-09-10T21:27:23Z"}}, {"model": "token_blacklist.outstandingtoken", "pk": 165, "fields": {"user": null, "jti": "345264b69381468fb111d090be77819c", "token": "eyJhbGciOiJIUzI1NiIsInR5cCI6IkpXVCJ9.eyJ0b2tlbl90eXBlIjoicmVmcmVzaCIsImV4cCI6MTY5NDM4MzA0NCwiaWF0IjoxNjg2NjA3MDQ0LCJqdGkiOiIzNDUyNjRiNjkzODE0NjhmYjExMWQwOTBiZTc3ODE5YyIsInVzZXJfaWQiOjJ9.fGBOh_DovzTQVoK6zkH55FHvBRnUYIPNvEzOb7tp_8Y", "created_at": "2023-06-12T21:57:24.860Z", "expires_at": "2023-09-10T21:57:24Z"}}, {"model": "token_blacklist.outstandingtoken", "pk": 166, "fields": {"user": null, "jti": "fd2846c2b57c4f36a2b1839566fa0f76", "token": "eyJhbGciOiJIUzI1NiIsInR5cCI6IkpXVCJ9.eyJ0b2tlbl90eXBlIjoicmVmcmVzaCIsImV4cCI6MTY5NDM4MzEzNSwiaWF0IjoxNjg2NjA3MTM1LCJqdGkiOiJmZDI4NDZjMmI1N2M0ZjM2YTJiMTgzOTU2NmZhMGY3NiIsInVzZXJfaWQiOjJ9.6u4f8oIiABH5d7GCHhZTQhwFsu9PJ3Vgjp6tSa_JpLA", "created_at": "2023-06-12T21:58:55.885Z", "expires_at": "2023-09-10T21:58:55Z"}}, {"model": "token_blacklist.outstandingtoken", "pk": 167, "fields": {"user": null, "jti": "8ccd706dd7dc4700b1aad6f7059d70ad", "token": "eyJhbGciOiJIUzI1NiIsInR5cCI6IkpXVCJ9.eyJ0b2tlbl90eXBlIjoicmVmcmVzaCIsImV4cCI6MTY5NDM4MzM1OSwiaWF0IjoxNjg2NjA3MzU5LCJqdGkiOiI4Y2NkNzA2ZGQ3ZGM0NzAwYjFhYWQ2ZjcwNTlkNzBhZCIsInVzZXJfaWQiOjJ9.leRoz8b4JQOsGlcGlc12iYy48sN3XN1eMz8jTYBifYQ", "created_at": "2023-06-12T22:02:39.243Z", "expires_at": "2023-09-10T22:02:39Z"}}, {"model": "token_blacklist.outstandingtoken", "pk": 168, "fields": {"user": null, "jti": "7694cbae03534b7ab5a92ea27ff3add0", "token": "eyJhbGciOiJIUzI1NiIsInR5cCI6IkpXVCJ9.eyJ0b2tlbl90eXBlIjoicmVmcmVzaCIsImV4cCI6MTY5NDM4NTA3NSwiaWF0IjoxNjg2NjA5MDc1LCJqdGkiOiI3Njk0Y2JhZTAzNTM0YjdhYjVhOTJlYTI3ZmYzYWRkMCIsInVzZXJfaWQiOjJ9.8qutG53xIhrpH-TEwz6xNiUjMsYMi8OoKxwszvysQEI", "created_at": "2023-06-12T22:31:15.782Z", "expires_at": "2023-09-10T22:31:15Z"}}, {"model": "token_blacklist.outstandingtoken", "pk": 169, "fields": {"user": 3, "jti": "df1ecedf59e74b099a0e342c2ffb6a3a", "token": "eyJhbGciOiJIUzI1NiIsInR5cCI6IkpXVCJ9.eyJ0b2tlbl90eXBlIjoicmVmcmVzaCIsImV4cCI6MTY5NDM5NjkyMCwiaWF0IjoxNjg2NjIwOTIwLCJqdGkiOiJkZjFlY2VkZjU5ZTc0YjA5OWEwZTM0MmMyZmZiNmEzYSIsInVzZXJfaWQiOjN9.MrHPQF0YI4pR-yLIwe48L7-OFXm3kfR7trUyVwXk2P0", "created_at": "2023-06-13T01:48:40.890Z", "expires_at": "2023-09-11T01:48:40Z"}}, {"model": "token_blacklist.outstandingtoken", "pk": 170, "fields": {"user": 3, "jti": "70d2b4d4826c4914a3a4985ef9b53f00", "token": "eyJhbGciOiJIUzI1NiIsInR5cCI6IkpXVCJ9.eyJ0b2tlbl90eXBlIjoicmVmcmVzaCIsImV4cCI6MTY5NDM5NzYxNCwiaWF0IjoxNjg2NjIxNjE0LCJqdGkiOiI3MGQyYjRkNDgyNmM0OTE0YTNhNDk4NWVmOWI1M2YwMCIsInVzZXJfaWQiOjN9.v-gEmoAD8BSmPyHCdah0_ZwJDtv2VEpmnyHy75iu0P4", "created_at": "2023-06-13T02:00:14.849Z", "expires_at": "2023-09-11T02:00:14Z"}}, {"model": "token_blacklist.outstandingtoken", "pk": 171, "fields": {"user": 3, "jti": "2345db2c1ad64ae59b27386b42133944", "token": "eyJhbGciOiJIUzI1NiIsInR5cCI6IkpXVCJ9.eyJ0b2tlbl90eXBlIjoicmVmcmVzaCIsImV4cCI6MTY5NDM5NzY2MCwiaWF0IjoxNjg2NjIxNjYwLCJqdGkiOiIyMzQ1ZGIyYzFhZDY0YWU1OWIyNzM4NmI0MjEzMzk0NCIsInVzZXJfaWQiOjN9.amv-3IB0AmhBosgpgZ1nK6GS6CRA-nfjTXC4AgUKoig", "created_at": "2023-06-13T02:01:00.450Z", "expires_at": "2023-09-11T02:01:00Z"}}, {"model": "token_blacklist.outstandingtoken", "pk": 172, "fields": {"user": 1, "jti": "ef705e4f25d94b7dae22af2d4254512c", "token": "eyJhbGciOiJIUzI1NiIsInR5cCI6IkpXVCJ9.eyJ0b2tlbl90eXBlIjoicmVmcmVzaCIsImV4cCI6MTY5NDM5ODAzNSwiaWF0IjoxNjg2NjIyMDM1LCJqdGkiOiJlZjcwNWU0ZjI1ZDk0YjdkYWUyMmFmMmQ0MjU0NTEyYyIsInVzZXJfaWQiOjF9.YIPXJquIPWjYVEmbFXSrFj894xvSDgeCwjAT9B55bLM", "created_at": "2023-06-13T02:07:15.143Z", "expires_at": "2023-09-11T02:07:15Z"}}, {"model": "token_blacklist.outstandingtoken", "pk": 173, "fields": {"user": null, "jti": "2282d677be1a4f90be2965681c08c772", "token": "eyJhbGciOiJIUzI1NiIsInR5cCI6IkpXVCJ9.eyJ0b2tlbl90eXBlIjoicmVmcmVzaCIsImV4cCI6MTY5NDM5ODExNCwiaWF0IjoxNjg2NjIyMTE0LCJqdGkiOiIyMjgyZDY3N2JlMWE0ZjkwYmUyOTY1NjgxYzA4Yzc3MiIsInVzZXJfaWQiOjJ9.HvDNDX-wph0yJwU8KeYKDoMpR4FXh972XFQQJGog4bo", "created_at": "2023-06-13T02:08:34.928Z", "expires_at": "2023-09-11T02:08:34Z"}}, {"model": "token_blacklist.outstandingtoken", "pk": 174, "fields": {"user": 3, "jti": "6a57f918414043f79a1cfabec0140b9a", "token": "eyJhbGciOiJIUzI1NiIsInR5cCI6IkpXVCJ9.eyJ0b2tlbl90eXBlIjoicmVmcmVzaCIsImV4cCI6MTY5NDM5ODEyOCwiaWF0IjoxNjg2NjIyMTI4LCJqdGkiOiI2YTU3ZjkxODQxNDA0M2Y3OWExY2ZhYmVjMDE0MGI5YSIsInVzZXJfaWQiOjN9.s3slCCllEkuviJo1YOgo8EfpjNcTNnRljFVjfVLcLFI", "created_at": "2023-06-13T02:08:48.409Z", "expires_at": "2023-09-11T02:08:48Z"}}, {"model": "token_blacklist.outstandingtoken", "pk": 175, "fields": {"user": 1, "jti": "bc426f56e0434b3db4214f19621ae6e4", "token": "eyJhbGciOiJIUzI1NiIsInR5cCI6IkpXVCJ9.eyJ0b2tlbl90eXBlIjoicmVmcmVzaCIsImV4cCI6MTY5NDM5ODE1NCwiaWF0IjoxNjg2NjIyMTU0LCJqdGkiOiJiYzQyNmY1NmUwNDM0YjNkYjQyMTRmMTk2MjFhZTZlNCIsInVzZXJfaWQiOjF9.Nrn1bNbIRsdPn6pjLSzg6z9yttTcCkUujpnqjE9y9_U", "created_at": "2023-06-13T02:09:14.417Z", "expires_at": "2023-09-11T02:09:14Z"}}, {"model": "token_blacklist.outstandingtoken", "pk": 176, "fields": {"user": 3, "jti": "cdaa902faae24fcfaf49cf289319ad65", "token": "eyJhbGciOiJIUzI1NiIsInR5cCI6IkpXVCJ9.eyJ0b2tlbl90eXBlIjoicmVmcmVzaCIsImV4cCI6MTY5NDM5ODE4NCwiaWF0IjoxNjg2NjIyMTg0LCJqdGkiOiJjZGFhOTAyZmFhZTI0ZmNmYWY0OWNmMjg5MzE5YWQ2NSIsInVzZXJfaWQiOjN9.MraKdL5bhM98ODJRU2ek3Rt7vp3np_0Qef80XZ8U7No", "created_at": "2023-06-13T02:09:44.786Z", "expires_at": "2023-09-11T02:09:44Z"}}, {"model": "token_blacklist.outstandingtoken", "pk": 177, "fields": {"user": 1, "jti": "b76f042426084f1a96e68906dcb8bae7", "token": "eyJhbGciOiJIUzI1NiIsInR5cCI6IkpXVCJ9.eyJ0b2tlbl90eXBlIjoicmVmcmVzaCIsImV4cCI6MTY5NDM5ODIzOCwiaWF0IjoxNjg2NjIyMjM4LCJqdGkiOiJiNzZmMDQyNDI2MDg0ZjFhOTZlNjg5MDZkY2I4YmFlNyIsInVzZXJfaWQiOjF9.23HYDxsZCtw4D5UUfkFtQIBdFCvFq2ZAIKzNK8Rtkac", "created_at": "2023-06-13T02:10:38.925Z", "expires_at": "2023-09-11T02:10:38Z"}}, {"model": "token_blacklist.outstandingtoken", "pk": 178, "fields": {"user": 3, "jti": "cd03284d21c04a42b60bfe5ec5a41ca6", "token": "eyJhbGciOiJIUzI1NiIsInR5cCI6IkpXVCJ9.eyJ0b2tlbl90eXBlIjoicmVmcmVzaCIsImV4cCI6MTY5NDM5ODM0MCwiaWF0IjoxNjg2NjIyMzQwLCJqdGkiOiJjZDAzMjg0ZDIxYzA0YTQyYjYwYmZlNWVjNWE0MWNhNiIsInVzZXJfaWQiOjN9.wpDGYZ8aNoshUs8tdepvkR8bu8S0uRs6H7ch26e59JM", "created_at": "2023-06-13T02:12:20.130Z", "expires_at": "2023-09-11T02:12:20Z"}}, {"model": "token_blacklist.outstandingtoken", "pk": 179, "fields": {"user": 1, "jti": "734bd5f404854885941b50aae032da45", "token": "eyJhbGciOiJIUzI1NiIsInR5cCI6IkpXVCJ9.eyJ0b2tlbl90eXBlIjoicmVmcmVzaCIsImV4cCI6MTY5NDM5ODUxNywiaWF0IjoxNjg2NjIyNTE3LCJqdGkiOiI3MzRiZDVmNDA0ODU0ODg1OTQxYjUwYWFlMDMyZGE0NSIsInVzZXJfaWQiOjF9.KSxvD7cpRWDiZerP5IXhUkY_kNpbUA0KUv22XtjM32Y", "created_at": "2023-06-13T02:15:17.319Z", "expires_at": "2023-09-11T02:15:17Z"}}, {"model": "token_blacklist.outstandingtoken", "pk": 180, "fields": {"user": 3, "jti": "7d3b7edbc5b249b38e3e298cec2e84d7", "token": "eyJhbGciOiJIUzI1NiIsInR5cCI6IkpXVCJ9.eyJ0b2tlbl90eXBlIjoicmVmcmVzaCIsImV4cCI6MTY5NDM5ODU0NiwiaWF0IjoxNjg2NjIyNTQ2LCJqdGkiOiI3ZDNiN2VkYmM1YjI0OWIzOGUzZTI5OGNlYzJlODRkNyIsInVzZXJfaWQiOjN9.KUiBnt34myOKtidipekv3JT7Xz3J9QtirgoR4AIdSyw", "created_at": "2023-06-13T02:15:46.655Z", "expires_at": "2023-09-11T02:15:46Z"}}, {"model": "token_blacklist.outstandingtoken", "pk": 181, "fields": {"user": 1, "jti": "78931b586b2641cfaa6839decd0271a6", "token": "eyJhbGciOiJIUzI1NiIsInR5cCI6IkpXVCJ9.eyJ0b2tlbl90eXBlIjoicmVmcmVzaCIsImV4cCI6MTY5NDM5ODU5OSwiaWF0IjoxNjg2NjIyNTk5LCJqdGkiOiI3ODkzMWI1ODZiMjY0MWNmYWE2ODM5ZGVjZDAyNzFhNiIsInVzZXJfaWQiOjF9.ZlWb684QwcafNWe3q4zEnIOvPQUgop5oEL1gwWq6iEk", "created_at": "2023-06-13T02:16:39.460Z", "expires_at": "2023-09-11T02:16:39Z"}}, {"model": "token_blacklist.outstandingtoken", "pk": 182, "fields": {"user": 3, "jti": "449d26048fca4a698a6ba1f9a56d93fd", "token": "eyJhbGciOiJIUzI1NiIsInR5cCI6IkpXVCJ9.eyJ0b2tlbl90eXBlIjoicmVmcmVzaCIsImV4cCI6MTY5NDM5ODc1OCwiaWF0IjoxNjg2NjIyNzU4LCJqdGkiOiI0NDlkMjYwNDhmY2E0YTY5OGE2YmExZjlhNTZkOTNmZCIsInVzZXJfaWQiOjN9.h_koFYCOrvehib-Gotn_adbOLDXNtEsTIuxavDHjzrE", "created_at": "2023-06-13T02:19:18.625Z", "expires_at": "2023-09-11T02:19:18Z"}}, {"model": "token_blacklist.outstandingtoken", "pk": 183, "fields": {"user": 1, "jti": "f9a38912d0e640f1b7cd512e4273239d", "token": "eyJhbGciOiJIUzI1NiIsInR5cCI6IkpXVCJ9.eyJ0b2tlbl90eXBlIjoicmVmcmVzaCIsImV4cCI6MTY5NDM5OTEzNCwiaWF0IjoxNjg2NjIzMTM0LCJqdGkiOiJmOWEzODkxMmQwZTY0MGYxYjdjZDUxMmU0MjczMjM5ZCIsInVzZXJfaWQiOjF9.lIiCkOS1tLAhHpgWb8pUY_oturOgViEH3ea9FSHOStQ", "created_at": "2023-06-13T02:25:34.843Z", "expires_at": "2023-09-11T02:25:34Z"}}, {"model": "token_blacklist.outstandingtoken", "pk": 184, "fields": {"user": 3, "jti": "5aab1bc678a44c36b768e59f2f1f920c", "token": "eyJhbGciOiJIUzI1NiIsInR5cCI6IkpXVCJ9.eyJ0b2tlbl90eXBlIjoicmVmcmVzaCIsImV4cCI6MTY5NDQxOTM5MCwiaWF0IjoxNjg2NjQzMzkwLCJqdGkiOiI1YWFiMWJjNjc4YTQ0YzM2Yjc2OGU1OWYyZjFmOTIwYyIsInVzZXJfaWQiOjN9.A6cIzEkngUwQx9zyShQ25YSJDEDnmXQ0ZzSDAc1ETT0", "created_at": "2023-06-13T08:03:10.503Z", "expires_at": "2023-09-11T08:03:10Z"}}, {"model": "token_blacklist.outstandingtoken", "pk": 185, "fields": {"user": 3, "jti": "1fd9a0e0a99c402eb25bfa05181768e2", "token": "eyJhbGciOiJIUzI1NiIsInR5cCI6IkpXVCJ9.eyJ0b2tlbl90eXBlIjoicmVmcmVzaCIsImV4cCI6MTY5NDc5MzgzNywiaWF0IjoxNjg3MDE3ODM3LCJqdGkiOiIxZmQ5YTBlMGE5OWM0MDJlYjI1YmZhMDUxODE3NjhlMiIsInVzZXJfaWQiOjN9.3tz2dipYNBwzo-u12GH7FRI4x9MJ_jg5xDzstPj41Ik", "created_at": "2023-06-17T16:03:57.485Z", "expires_at": "2023-09-15T16:03:57Z"}}, {"model": "token_blacklist.outstandingtoken", "pk": 186, "fields": {"user": 3, "jti": "17ccd300b5d24d958f658825f05d76fa", "token": "eyJhbGciOiJIUzI1NiIsInR5cCI6IkpXVCJ9.eyJ0b2tlbl90eXBlIjoicmVmcmVzaCIsImV4cCI6MTY5NDc5Mzg5NiwiaWF0IjoxNjg3MDE3ODk2LCJqdGkiOiIxN2NjZDMwMGI1ZDI0ZDk1OGY2NTg4MjVmMDVkNzZmYSIsInVzZXJfaWQiOjN9.b0ulEwyjsdjO_MVp3DSq7xJOTaQneVi7uvBbQSryH4U", "created_at": "2023-06-17T16:04:56.028Z", "expires_at": "2023-09-15T16:04:56Z"}}, {"model": "token_blacklist.outstandingtoken", "pk": 187, "fields": {"user": 3, "jti": "df3c8d69789f4a1a84f51b9c19426ba2", "token": "eyJhbGciOiJIUzI1NiIsInR5cCI6IkpXVCJ9.eyJ0b2tlbl90eXBlIjoicmVmcmVzaCIsImV4cCI6MTY5NDc5Mzk3NywiaWF0IjoxNjg3MDE3OTc3LCJqdGkiOiJkZjNjOGQ2OTc4OWY0YTFhODRmNTFiOWMxOTQyNmJhMiIsInVzZXJfaWQiOjN9.ODVFRb1_bxD2cf1K3PDjIUUiWDR3mj4wyX8nk-MB9EI", "created_at": "2023-06-17T16:06:17.021Z", "expires_at": "2023-09-15T16:06:17Z"}}, {"model": "token_blacklist.outstandingtoken", "pk": 188, "fields": {"user": 3, "jti": "365e4377d16242fb8b950cddd7dde2c0", "token": "eyJhbGciOiJIUzI1NiIsInR5cCI6IkpXVCJ9.eyJ0b2tlbl90eXBlIjoicmVmcmVzaCIsImV4cCI6MTY5NDc5NDUwNywiaWF0IjoxNjg3MDE4NTA3LCJqdGkiOiIzNjVlNDM3N2QxNjI0MmZiOGI5NTBjZGRkN2RkZTJjMCIsInVzZXJfaWQiOjN9.8P8WUQ9vxB4Y7MBGavq4wczE8bK5wsFX0e2N65lywoI", "created_at": "2023-06-17T16:15:07.802Z", "expires_at": "2023-09-15T16:15:07Z"}}, {"model": "token_blacklist.outstandingtoken", "pk": 189, "fields": {"user": 3, "jti": "ba0bc0ea31614c968a90565596d608af", "token": "eyJhbGciOiJIUzI1NiIsInR5cCI6IkpXVCJ9.eyJ0b2tlbl90eXBlIjoicmVmcmVzaCIsImV4cCI6MTY5NDc5NTUxOSwiaWF0IjoxNjg3MDE5NTE5LCJqdGkiOiJiYTBiYzBlYTMxNjE0Yzk2OGE5MDU2NTU5NmQ2MDhhZiIsInVzZXJfaWQiOjN9.A3o6_sZiPUmEFlgaVtX7QstiVp2U7NNKmoXbcHhnf_E", "created_at": "2023-06-17T16:31:59.496Z", "expires_at": "2023-09-15T16:31:59Z"}}, {"model": "token_blacklist.outstandingtoken", "pk": 190, "fields": {"user": 1, "jti": "14548ed9eed5409ba9a43d7aa401d19c", "token": "eyJhbGciOiJIUzI1NiIsInR5cCI6IkpXVCJ9.eyJ0b2tlbl90eXBlIjoicmVmcmVzaCIsImV4cCI6MTY5NDc5NTczNiwiaWF0IjoxNjg3MDE5NzM2LCJqdGkiOiIxNDU0OGVkOWVlZDU0MDliYTlhNDNkN2FhNDAxZDE5YyIsInVzZXJfaWQiOjF9.7tZt7HYLKrsoaJoR0-mx5-xrTpoj2FDZvAv9uf_kN0E", "created_at": "2023-06-17T16:35:36.226Z", "expires_at": "2023-09-15T16:35:36Z"}}, {"model": "token_blacklist.outstandingtoken", "pk": 191, "fields": {"user": 3, "jti": "f4e3dfc1a7eb40d49b336aaa31fd0bde", "token": "eyJhbGciOiJIUzI1NiIsInR5cCI6IkpXVCJ9.eyJ0b2tlbl90eXBlIjoicmVmcmVzaCIsImV4cCI6MTY5NDc5NTk5MywiaWF0IjoxNjg3MDE5OTkzLCJqdGkiOiJmNGUzZGZjMWE3ZWI0MGQ0OWIzMzZhYWEzMWZkMGJkZSIsInVzZXJfaWQiOjN9.7C4EeockjpbnrJh2QELDM5pMy-FlxYN-xM_PNp1kYGc", "created_at": "2023-06-17T16:39:53.006Z", "expires_at": "2023-09-15T16:39:53Z"}}, {"model": "token_blacklist.outstandingtoken", "pk": 192, "fields": {"user": 1, "jti": "8cdccc36139746cfac069eae59600f49", "token": "eyJhbGciOiJIUzI1NiIsInR5cCI6IkpXVCJ9.eyJ0b2tlbl90eXBlIjoicmVmcmVzaCIsImV4cCI6MTY5NDc5Njc3NywiaWF0IjoxNjg3MDIwNzc3LCJqdGkiOiI4Y2RjY2MzNjEzOTc0NmNmYWMwNjllYWU1OTYwMGY0OSIsInVzZXJfaWQiOjF9.HKxNmSD8X6VkrsHDDtC5VNd0tdthXcF2FAqVr39CZls", "created_at": "2023-06-17T16:52:57.595Z", "expires_at": "2023-09-15T16:52:57Z"}}, {"model": "token_blacklist.outstandingtoken", "pk": 193, "fields": {"user": 3, "jti": "dfbaf239d2924ac38572d33f0bbbe08f", "token": "eyJhbGciOiJIUzI1NiIsInR5cCI6IkpXVCJ9.eyJ0b2tlbl90eXBlIjoicmVmcmVzaCIsImV4cCI6MTY5NDc5NzU1NSwiaWF0IjoxNjg3MDIxNTU1LCJqdGkiOiJkZmJhZjIzOWQyOTI0YWMzODU3MmQzM2YwYmJiZTA4ZiIsInVzZXJfaWQiOjN9.ZNpzTGPmznxozRYOXHT8sS7yEUiPmnFKdCzm3VWNqpg", "created_at": "2023-06-17T17:05:55.162Z", "expires_at": "2023-09-15T17:05:55Z"}}, {"model": "token_blacklist.outstandingtoken", "pk": 194, "fields": {"user": 1, "jti": "58f7b9eecd47489993dce3e5f3f5bb8d", "token": "eyJhbGciOiJIUzI1NiIsInR5cCI6IkpXVCJ9.eyJ0b2tlbl90eXBlIjoicmVmcmVzaCIsImV4cCI6MTY5NDc5ODI5OSwiaWF0IjoxNjg3MDIyMjk5LCJqdGkiOiI1OGY3YjllZWNkNDc0ODk5OTNkY2UzZTVmM2Y1YmI4ZCIsInVzZXJfaWQiOjF9.DT-oFhdu-n0Fbp_fy_TXlBkloHusngACzSHqS_Qw3d8", "created_at": "2023-06-17T17:18:19.883Z", "expires_at": "2023-09-15T17:18:19Z"}}, {"model": "token_blacklist.outstandingtoken", "pk": 195, "fields": {"user": 3, "jti": "b331691759cb44948dc8c44671c5ade8", "token": "eyJhbGciOiJIUzI1NiIsInR5cCI6IkpXVCJ9.eyJ0b2tlbl90eXBlIjoicmVmcmVzaCIsImV4cCI6MTY5NDc5ODU2NywiaWF0IjoxNjg3MDIyNTY3LCJqdGkiOiJiMzMxNjkxNzU5Y2I0NDk0OGRjOGM0NDY3MWM1YWRlOCIsInVzZXJfaWQiOjN9.loQIvv3qc_QaYV3DFan9T0eBLEFgpiMv777OdiEkFWI", "created_at": "2023-06-17T17:22:47.514Z", "expires_at": "2023-09-15T17:22:47Z"}}, {"model": "token_blacklist.outstandingtoken", "pk": 196, "fields": {"user": 1, "jti": "82d95d18f87c4831a703e5adb95529ef", "token": "eyJhbGciOiJIUzI1NiIsInR5cCI6IkpXVCJ9.eyJ0b2tlbl90eXBlIjoicmVmcmVzaCIsImV4cCI6MTY5NDc5OTM0MCwiaWF0IjoxNjg3MDIzMzQwLCJqdGkiOiI4MmQ5NWQxOGY4N2M0ODMxYTcwM2U1YWRiOTU1MjllZiIsInVzZXJfaWQiOjF9.L6a6DLUwv8zFbPWb7ZTiHhNRHUMt-G8PCqCV3eHLZ_I", "created_at": "2023-06-17T17:35:40.936Z", "expires_at": "2023-09-15T17:35:40Z"}}, {"model": "token_blacklist.outstandingtoken", "pk": 197, "fields": {"user": 1, "jti": "5a1d1f9254e04c019eff9b7c03facd34", "token": "eyJhbGciOiJIUzI1NiIsInR5cCI6IkpXVCJ9.eyJ0b2tlbl90eXBlIjoicmVmcmVzaCIsImV4cCI6MTY5NDc5OTQ2MywiaWF0IjoxNjg3MDIzNDYzLCJqdGkiOiI1YTFkMWY5MjU0ZTA0YzAxOWVmZjliN2MwM2ZhY2QzNCIsInVzZXJfaWQiOjF9.Ewh4Gqi7LkmN4X58dJU21kcrh-wYU_CrzZqkGg232rY", "created_at": "2023-06-17T17:37:43.686Z", "expires_at": "2023-09-15T17:37:43Z"}}, {"model": "token_blacklist.outstandingtoken", "pk": 198, "fields": {"user": 1, "jti": "007e19a20aec4e1cac3ed0435c9b71ab", "token": "eyJhbGciOiJIUzI1NiIsInR5cCI6IkpXVCJ9.eyJ0b2tlbl90eXBlIjoicmVmcmVzaCIsImV4cCI6MTY5NDgwMDAxNSwiaWF0IjoxNjg3MDI0MDE1LCJqdGkiOiIwMDdlMTlhMjBhZWM0ZTFjYWMzZWQwNDM1YzliNzFhYiIsInVzZXJfaWQiOjF9.gXetl4lqB_QDLEZblV9gLNCoeVjr0k0C4dXiIzHZZIM", "created_at": "2023-06-17T17:46:55.941Z", "expires_at": "2023-09-15T17:46:55Z"}}, {"model": "token_blacklist.outstandingtoken", "pk": 199, "fields": {"user": 1, "jti": "7f1de246d47149829547449d37025ec1", "token": "eyJhbGciOiJIUzI1NiIsInR5cCI6IkpXVCJ9.eyJ0b2tlbl90eXBlIjoicmVmcmVzaCIsImV4cCI6MTY5NDgwMjExNCwiaWF0IjoxNjg3MDI2MTE0LCJqdGkiOiI3ZjFkZTI0NmQ0NzE0OTgyOTU0NzQ0OWQzNzAyNWVjMSIsInVzZXJfaWQiOjF9.N9WONKfHXXI8VTZaR1pslX8_75_qXHLNB47gjeF0jLo", "created_at": "2023-06-17T18:21:54.484Z", "expires_at": "2023-09-15T18:21:54Z"}}, {"model": "token_blacklist.outstandingtoken", "pk": 200, "fields": {"user": 1, "jti": "2ed30409cc2d4748b00212db8299c77b", "token": "eyJhbGciOiJIUzI1NiIsInR5cCI6IkpXVCJ9.eyJ0b2tlbl90eXBlIjoicmVmcmVzaCIsImV4cCI6MTY5NDgwMjEzMSwiaWF0IjoxNjg3MDI2MTMxLCJqdGkiOiIyZWQzMDQwOWNjMmQ0NzQ4YjAwMjEyZGI4Mjk5Yzc3YiIsInVzZXJfaWQiOjF9.743fX1THm8pz-lEIG1NMjWlV-hOiWSDGgJ0tCwZJ4zc", "created_at": "2023-06-17T18:22:11.768Z", "expires_at": "2023-09-15T18:22:11Z"}}, {"model": "token_blacklist.outstandingtoken", "pk": 201, "fields": {"user": 1, "jti": "4ae356f226994069ab778dd25467f72b", "token": "eyJhbGciOiJIUzI1NiIsInR5cCI6IkpXVCJ9.eyJ0b2tlbl90eXBlIjoicmVmcmVzaCIsImV4cCI6MTY5NDgwMzUxOSwiaWF0IjoxNjg3MDI3NTE5LCJqdGkiOiI0YWUzNTZmMjI2OTk0MDY5YWI3NzhkZDI1NDY3ZjcyYiIsInVzZXJfaWQiOjF9.3xDyS1rdakxGHaSFbhgcvl4ARRJQNbXcJnsSNElHQr4", "created_at": "2023-06-17T18:45:19.848Z", "expires_at": "2023-09-15T18:45:19Z"}}, {"model": "token_blacklist.outstandingtoken", "pk": 202, "fields": {"user": 1, "jti": "8b182f93519b41bfb15d887667f122f5", "token": "eyJhbGciOiJIUzI1NiIsInR5cCI6IkpXVCJ9.eyJ0b2tlbl90eXBlIjoicmVmcmVzaCIsImV4cCI6MTY5NDgwNjk5NSwiaWF0IjoxNjg3MDMwOTk1LCJqdGkiOiI4YjE4MmY5MzUxOWI0MWJmYjE1ZDg4NzY2N2YxMjJmNSIsInVzZXJfaWQiOjF9.yXNf8ASRoYJ8X_YmtshugRxu6l7RFchnIHLoNHVP1sk", "created_at": "2023-06-17T19:43:15.687Z", "expires_at": "2023-09-15T19:43:15Z"}}, {"model": "token_blacklist.outstandingtoken", "pk": 203, "fields": {"user": 1, "jti": "1941fb6944124ed48869d7eeafd1b0ec", "token": "eyJhbGciOiJIUzI1NiIsInR5cCI6IkpXVCJ9.eyJ0b2tlbl90eXBlIjoicmVmcmVzaCIsImV4cCI6MTY5NDgwODMxMywiaWF0IjoxNjg3MDMyMzEzLCJqdGkiOiIxOTQxZmI2OTQ0MTI0ZWQ0ODg2OWQ3ZWVhZmQxYjBlYyIsInVzZXJfaWQiOjF9.oHMxzR1AZvI37DC5CxbAtMVcRpHqCi_Kf8sJK6p4Mfo", "created_at": "2023-06-17T20:05:13.617Z", "expires_at": "2023-09-15T20:05:13Z"}}, {"model": "token_blacklist.outstandingtoken", "pk": 204, "fields": {"user": 1, "jti": "a0744c166d454a588fd0c793a3488d90", "token": "eyJhbGciOiJIUzI1NiIsInR5cCI6IkpXVCJ9.eyJ0b2tlbl90eXBlIjoicmVmcmVzaCIsImV4cCI6MTY5NDgwODUyMywiaWF0IjoxNjg3MDMyNTIzLCJqdGkiOiJhMDc0NGMxNjZkNDU0YTU4OGZkMGM3OTNhMzQ4OGQ5MCIsInVzZXJfaWQiOjF9.Pod0zSufH6rw-qWGbLHRZKTB3ijntcXvZGm8sx7j988", "created_at": "2023-06-17T20:08:43.648Z", "expires_at": "2023-09-15T20:08:43Z"}}, {"model": "token_blacklist.outstandingtoken", "pk": 205, "fields": {"user": 1, "jti": "bbeba4a373304bbc93b32693c9d159c1", "token": "eyJhbGciOiJIUzI1NiIsInR5cCI6IkpXVCJ9.eyJ0b2tlbl90eXBlIjoicmVmcmVzaCIsImV4cCI6MTY5NDgwOTA5MywiaWF0IjoxNjg3MDMzMDkzLCJqdGkiOiJiYmViYTRhMzczMzA0YmJjOTNiMzI2OTNjOWQxNTljMSIsInVzZXJfaWQiOjF9.8eBGC_rSircZ3KW6JTg7RYDSci1hmxNxBBxjzDlhKzc", "created_at": "2023-06-17T20:18:13.801Z", "expires_at": "2023-09-15T20:18:13Z"}}, {"model": "token_blacklist.outstandingtoken", "pk": 206, "fields": {"user": 1, "jti": "300cd264a3ca472b925277e7028c86c8", "token": "eyJhbGciOiJIUzI1NiIsInR5cCI6IkpXVCJ9.eyJ0b2tlbl90eXBlIjoicmVmcmVzaCIsImV4cCI6MTY5NDgwOTQyNywiaWF0IjoxNjg3MDMzNDI3LCJqdGkiOiIzMDBjZDI2NGEzY2E0NzJiOTI1Mjc3ZTcwMjhjODZjOCIsInVzZXJfaWQiOjF9.3uIuIqNw9NI7JMCYQRNCyL8cKv4XlklXhwC645G9syM", "created_at": "2023-06-17T20:23:47.844Z", "expires_at": "2023-09-15T20:23:47Z"}}, {"model": "token_blacklist.outstandingtoken", "pk": 207, "fields": {"user": 1, "jti": "bb2a707262a24cab8e26b437faf3ace5", "token": "eyJhbGciOiJIUzI1NiIsInR5cCI6IkpXVCJ9.eyJ0b2tlbl90eXBlIjoicmVmcmVzaCIsImV4cCI6MTY5NDgwOTY3NywiaWF0IjoxNjg3MDMzNjc3LCJqdGkiOiJiYjJhNzA3MjYyYTI0Y2FiOGUyNmI0MzdmYWYzYWNlNSIsInVzZXJfaWQiOjF9._TLaKhWpFnlLsxMZQlR7RVTlRYdH6cYZY_HCq3K7X30", "created_at": "2023-06-17T20:27:57.564Z", "expires_at": "2023-09-15T20:27:57Z"}}, {"model": "token_blacklist.outstandingtoken", "pk": 208, "fields": {"user": 1, "jti": "0ed03a822cdd444d83f2229e754cf741", "token": "eyJhbGciOiJIUzI1NiIsInR5cCI6IkpXVCJ9.eyJ0b2tlbl90eXBlIjoicmVmcmVzaCIsImV4cCI6MTY5NDgxMDA1OCwiaWF0IjoxNjg3MDM0MDU4LCJqdGkiOiIwZWQwM2E4MjJjZGQ0NDRkODNmMjIyOWU3NTRjZjc0MSIsInVzZXJfaWQiOjF9.ZW-tWWLpYMpxMM0YrqhjQlvNgm9naDZropeR7RhJaYs", "created_at": "2023-06-17T20:34:18.659Z", "expires_at": "2023-09-15T20:34:18Z"}}, {"model": "token_blacklist.outstandingtoken", "pk": 209, "fields": {"user": 1, "jti": "27c475b35ff842dc85ccb045659824c9", "token": "eyJhbGciOiJIUzI1NiIsInR5cCI6IkpXVCJ9.eyJ0b2tlbl90eXBlIjoicmVmcmVzaCIsImV4cCI6MTY5NDgxMDcxMCwiaWF0IjoxNjg3MDM0NzEwLCJqdGkiOiIyN2M0NzViMzVmZjg0MmRjODVjY2IwNDU2NTk4MjRjOSIsInVzZXJfaWQiOjF9.EaCErlfELIq8otKTW_Za3A4mKqcCWMWOh5ZFDFU3-3M", "created_at": "2023-06-17T20:45:10.522Z", "expires_at": "2023-09-15T20:45:10Z"}}, {"model": "token_blacklist.outstandingtoken", "pk": 210, "fields": {"user": 1, "jti": "b875fc52a2764904914311527e16c255", "token": "eyJhbGciOiJIUzI1NiIsInR5cCI6IkpXVCJ9.eyJ0b2tlbl90eXBlIjoicmVmcmVzaCIsImV4cCI6MTY5NDgxMTMwMiwiaWF0IjoxNjg3MDM1MzAyLCJqdGkiOiJiODc1ZmM1MmEyNzY0OTA0OTE0MzExNTI3ZTE2YzI1NSIsInVzZXJfaWQiOjF9._EHdJKYl9LaJH0897IEvb2Fbix3gAcJf7M3OclVcMYY", "created_at": "2023-06-17T20:55:02.261Z", "expires_at": "2023-09-15T20:55:02Z"}}, {"model": "token_blacklist.outstandingtoken", "pk": 211, "fields": {"user": 1, "jti": "ce721d3ff4904af6bdf1f5173abaab09", "token": "eyJhbGciOiJIUzI1NiIsInR5cCI6IkpXVCJ9.eyJ0b2tlbl90eXBlIjoicmVmcmVzaCIsImV4cCI6MTY5NDg0ODQ3NiwiaWF0IjoxNjg3MDcyNDc2LCJqdGkiOiJjZTcyMWQzZmY0OTA0YWY2YmRmMWY1MTczYWJhYWIwOSIsInVzZXJfaWQiOjF9.WntGd618NMN3D7MIlf1AMGCpVWLgirbWAPniVPIVz4k", "created_at": "2023-06-18T07:14:36.323Z", "expires_at": "2023-09-16T07:14:36Z"}}, {"model": "token_blacklist.outstandingtoken", "pk": 212, "fields": {"user": 1, "jti": "9dc08e0d8340466cbe7bb0d84b285131", "token": "eyJhbGciOiJIUzI1NiIsInR5cCI6IkpXVCJ9.eyJ0b2tlbl90eXBlIjoicmVmcmVzaCIsImV4cCI6MTY5NDg0ODQ4NCwiaWF0IjoxNjg3MDcyNDg0LCJqdGkiOiI5ZGMwOGUwZDgzNDA0NjZjYmU3YmIwZDg0YjI4NTEzMSIsInVzZXJfaWQiOjF9.rbk6Z7HQwumZPGibYZQL8_ugIWOCngmViJuOcB_Xihw", "created_at": "2023-06-18T07:14:44.772Z", "expires_at": "2023-09-16T07:14:44Z"}}, {"model": "token_blacklist.outstandingtoken", "pk": 213, "fields": {"user": 1, "jti": "fb45a1734fd741909b1ca85e010a04ae", "token": "eyJhbGciOiJIUzI1NiIsInR5cCI6IkpXVCJ9.eyJ0b2tlbl90eXBlIjoicmVmcmVzaCIsImV4cCI6MTY5NDg0ODQ4OSwiaWF0IjoxNjg3MDcyNDg5LCJqdGkiOiJmYjQ1YTE3MzRmZDc0MTkwOWIxY2E4NWUwMTBhMDRhZSIsInVzZXJfaWQiOjF9.ocH_I2TrmC09OBRzYjPJL5fqYPy48uNC52NtpOeiRe4", "created_at": "2023-06-18T07:14:49.302Z", "expires_at": "2023-09-16T07:14:49Z"}}, {"model": "token_blacklist.outstandingtoken", "pk": 214, "fields": {"user": 1, "jti": "f94f994e0290455b894bc2090c3d147d", "token": "eyJhbGciOiJIUzI1NiIsInR5cCI6IkpXVCJ9.eyJ0b2tlbl90eXBlIjoicmVmcmVzaCIsImV4cCI6MTY5NDg0OTA4OSwiaWF0IjoxNjg3MDczMDg5LCJqdGkiOiJmOTRmOTk0ZTAyOTA0NTViODk0YmMyMDkwYzNkMTQ3ZCIsInVzZXJfaWQiOjF9.q2XgZ8k34NLyO5bjgW_dB4boKAOr0j2WeES-QoWWXTw", "created_at": "2023-06-18T07:24:49.257Z", "expires_at": "2023-09-16T07:24:49Z"}}, {"model": "token_blacklist.outstandingtoken", "pk": 215, "fields": {"user": 1, "jti": "030bbbf73f2b4df9ab9a0b092ec5c9c2", "token": "eyJhbGciOiJIUzI1NiIsInR5cCI6IkpXVCJ9.eyJ0b2tlbl90eXBlIjoicmVmcmVzaCIsImV4cCI6MTY5NDg0OTgwMywiaWF0IjoxNjg3MDczODAzLCJqdGkiOiIwMzBiYmJmNzNmMmI0ZGY5YWI5YTBiMDkyZWM1YzljMiIsInVzZXJfaWQiOjF9.AAdlizpG_stWJq03git6TjZxElTar4uWOy0yw7S9hzM", "created_at": "2023-06-18T07:36:43.908Z", "expires_at": "2023-09-16T07:36:43Z"}}, {"model": "token_blacklist.outstandingtoken", "pk": 216, "fields": {"user": 1, "jti": "655eccb0306a412e8a51a0d24cf55610", "token": "eyJhbGciOiJIUzI1NiIsInR5cCI6IkpXVCJ9.eyJ0b2tlbl90eXBlIjoicmVmcmVzaCIsImV4cCI6MTY5NDg1MTYzMiwiaWF0IjoxNjg3MDc1NjMyLCJqdGkiOiI2NTVlY2NiMDMwNmE0MTJlOGE1MWEwZDI0Y2Y1NTYxMCIsInVzZXJfaWQiOjF9.45jGd_9ZZHh12QngWca2w-rTNYy1arphamrJBezSo7g", "created_at": "2023-06-18T08:07:12.970Z", "expires_at": "2023-09-16T08:07:12Z"}}, {"model": "token_blacklist.outstandingtoken", "pk": 217, "fields": {"user": 1, "jti": "a9e20d09158a4880a11016dd85e5fec9", "token": "eyJhbGciOiJIUzI1NiIsInR5cCI6IkpXVCJ9.eyJ0b2tlbl90eXBlIjoicmVmcmVzaCIsImV4cCI6MTY5NDg1MTk5NSwiaWF0IjoxNjg3MDc1OTk1LCJqdGkiOiJhOWUyMGQwOTE1OGE0ODgwYTExMDE2ZGQ4NWU1ZmVjOSIsInVzZXJfaWQiOjF9.cIgfQO3wY2OSsiKobES0vxQ13LERXUB46RmBhZsF9ao", "created_at": "2023-06-18T08:13:15.613Z", "expires_at": "2023-09-16T08:13:15Z"}}, {"model": "token_blacklist.outstandingtoken", "pk": 218, "fields": {"user": 1, "jti": "02fcc3aa72d54ad7b9bf9778c45eacda", "token": "eyJhbGciOiJIUzI1NiIsInR5cCI6IkpXVCJ9.eyJ0b2tlbl90eXBlIjoicmVmcmVzaCIsImV4cCI6MTY5NDg1MjE5MCwiaWF0IjoxNjg3MDc2MTkwLCJqdGkiOiIwMmZjYzNhYTcyZDU0YWQ3YjliZjk3NzhjNDVlYWNkYSIsInVzZXJfaWQiOjF9.EkBRS5-qAouhdOcFoRnIUyDDOfi-yx8Of805oJdJLzw", "created_at": "2023-06-18T08:16:30.746Z", "expires_at": "2023-09-16T08:16:30Z"}}, {"model": "token_blacklist.outstandingtoken", "pk": 219, "fields": {"user": 1, "jti": "e33c4cc098a14bb9bc00782eba43f10e", "token": "eyJhbGciOiJIUzI1NiIsInR5cCI6IkpXVCJ9.eyJ0b2tlbl90eXBlIjoicmVmcmVzaCIsImV4cCI6MTY5NDg3NDE1MCwiaWF0IjoxNjg3MDk4MTUwLCJqdGkiOiJlMzNjNGNjMDk4YTE0YmI5YmMwMDc4MmViYTQzZjEwZSIsInVzZXJfaWQiOjF9.g50lgKo1nWRUNjuBfvSlCGLY56R42ziuuJS_ziVNd4U", "created_at": "2023-06-18T14:22:30.912Z", "expires_at": "2023-09-16T14:22:30Z"}}, {"model": "token_blacklist.outstandingtoken", "pk": 220, "fields": {"user": 1, "jti": "784bb448dadf4271a93b62148708d6c8", "token": "eyJhbGciOiJIUzI1NiIsInR5cCI6IkpXVCJ9.eyJ0b2tlbl90eXBlIjoicmVmcmVzaCIsImV4cCI6MTY5NDg3NDE3MSwiaWF0IjoxNjg3MDk4MTcxLCJqdGkiOiI3ODRiYjQ0OGRhZGY0MjcxYTkzYjYyMTQ4NzA4ZDZjOCIsInVzZXJfaWQiOjF9.aRvgSFIk9zpUK17zVIUyD5UcRlwUvTIcZA9iM9vgrX8", "created_at": "2023-06-18T14:22:51.169Z", "expires_at": "2023-09-16T14:22:51Z"}}, {"model": "token_blacklist.outstandingtoken", "pk": 221, "fields": {"user": 1, "jti": "746a157dc71d4846a6121ef17b729963", "token": "eyJhbGciOiJIUzI1NiIsInR5cCI6IkpXVCJ9.eyJ0b2tlbl90eXBlIjoicmVmcmVzaCIsImV4cCI6MTY5NDg3NDE3NywiaWF0IjoxNjg3MDk4MTc3LCJqdGkiOiI3NDZhMTU3ZGM3MWQ0ODQ2YTYxMjFlZjE3YjcyOTk2MyIsInVzZXJfaWQiOjF9.bvFf6cn8eCfDPQfayLerSlEqVrYeJrO22jRwF2K6wQ0", "created_at": "2023-06-18T14:22:57.345Z", "expires_at": "2023-09-16T14:22:57Z"}}, {"model": "token_blacklist.outstandingtoken", "pk": 222, "fields": {"user": 1, "jti": "763f899229cf4591b71bfa504e64ff63", "token": "eyJhbGciOiJIUzI1NiIsInR5cCI6IkpXVCJ9.eyJ0b2tlbl90eXBlIjoicmVmcmVzaCIsImV4cCI6MTY5NDg3NDQyNywiaWF0IjoxNjg3MDk4NDI3LCJqdGkiOiI3NjNmODk5MjI5Y2Y0NTkxYjcxYmZhNTA0ZTY0ZmY2MyIsInVzZXJfaWQiOjF9.2DYT0ltn7WqT4mYZNa-4VL0d3Yz2iASIavCoe9stEUs", "created_at": "2023-06-18T14:27:07.916Z", "expires_at": "2023-09-16T14:27:07Z"}}, {"model": "token_blacklist.outstandingtoken", "pk": 223, "fields": {"user": 3, "jti": "0f25ad50be2f4f8c8971be9ff94bd8e8", "token": "eyJhbGciOiJIUzI1NiIsInR5cCI6IkpXVCJ9.eyJ0b2tlbl90eXBlIjoicmVmcmVzaCIsImV4cCI6MTY5NDg3NDcyMiwiaWF0IjoxNjg3MDk4NzIyLCJqdGkiOiIwZjI1YWQ1MGJlMmY0ZjhjODk3MWJlOWZmOTRiZDhlOCIsInVzZXJfaWQiOjN9.V5cUKyc_ogND0_AcmAlVj2GnH2AcepMduT4MSSxBi1s", "created_at": "2023-06-18T14:32:02.332Z", "expires_at": "2023-09-16T14:32:02Z"}}, {"model": "token_blacklist.blacklistedtoken", "pk": 1, "fields": {"token": 1, "blacklisted_at": "2023-06-10T01:27:57.800Z"}}]